行政区域,项目名称,项目位置,土地用途,行业分类,面积(公顷),供地方式,土地使用年限,成交价(万元),约定容积率,合同签订日期,数据来源,数据写入日期
安庆市本级,置地商品房项目,东部新城。西至安庆十中、北至皖江大道、南至育才路、东至顺安路。,其他普通商品住房用地,房地产业,3.831757,拍卖出让,70,36643.0000,下限:1.00上限:2.50,2017年11月10日,https://www.landchina.com/default.aspx?tabid=386&comname=default&wmguid=75c72564-ffd9-426a-954b-8ac2df0903b7&recorderguid=dd32efb8-76de-4902-ad98-824a0cc24a3f,2019-08-28 08:48:41
安庆市本级,安庆置地公司邻里中心项目,东部新城，西至晴岚路，北至气象局，南至育才路，东至林语棠一期,其他商服用地,居民服务业,1.641404,拍卖出让,40,8732.0000,下限:0.00上限:1.80,2017年08月07日,https://www.landchina.com/default.aspx?tabid=386&comname=default&wmguid=75c72564-ffd9-426a-954b-8ac2df0903b7&recorderguid=2ae94d36-4112-44b1-8e11-a633c0438005,2019-08-28 08:51:52
安庆市本级,大发房地产(C-3),迎宾东路以北，朝阳路以东，C-3经济适用房以西，C-3保障性住房以南,其他普通商品住房用地,房地产业,2.702037,拍卖出让,70,18375.0000,下限:1.00上限:1.60,2017年08月07日,https://www.landchina.com/default.aspx?tabid=386&comname=default&wmguid=75c72564-ffd9-426a-954b-8ac2df0903b7&recorderguid=5f34ab33-6a04-4e2a-b119-be975a51469b,2019-08-28 08:52:51
安庆市本级,碧桂园·时代之光,东部新城，东至新河还建点，南至祥和路，西至潜江路，北至迎宾东路,其他普通商品住房用地,房地产业,7.112952,拍卖出让,70,58000.0000,下限:1.00上限:2.20,2017年08月07日,https://www.landchina.com/default.aspx?tabid=386&comname=default&wmguid=75c72564-ffd9-426a-954b-8ac2df0903b7&recorderguid=63828313-1301-4c1f-8421-aad431ccf672,2019-08-28 08:53:40
安庆市本级,大发房地产(C-2),迎宾东路以北，文苑路以东，朝阳路以西，C-2保障性住房以南,其他普通商品住房用地,房地产业,4.561413,拍卖出让,70,30625.0000,下限:1.00上限:1.60,2017年08月07日,https://www.landchina.com/default.aspx?tabid=386&comname=default&wmguid=75c72564-ffd9-426a-954b-8ac2df0903b7&recorderguid=cacdd907-7593-4cf7-8411-2177916491ea,2019-08-28 08:54:53
安庆市本级,置地.皖江府项目,东部新城，西至晴岚路，北至育才路，南至华中东路，东至林语棠二期,其他普通商品住房用地,房地产业,4.083917,拍卖出让,70,44668.0000,下限:1.00上限:2.50,2017年08月07日,https://www.landchina.com/default.aspx?tabid=386&comname=default&wmguid=75c72564-ffd9-426a-954b-8ac2df0903b7&recorderguid=fcff8725-489f-4523-9678-87a2eaf10635,2019-08-28 08:56:04
安庆市本级,秦潭湖装备制造科技园一期项目,"临港经济开发区,东至内环西路,南至中俊新能源,西至方兴路,北至四号路",工业用地,专用设备制造业,8.243688,挂牌出让,50,3050.1700,下限:1.00上限:0.00,2017年07月28日,https://www.landchina.com/default.aspx?tabid=386&comname=default&wmguid=75c72564-ffd9-426a-954b-8ac2df0903b7&recorderguid=ed3fcc54-9874-48f8-9195-ee5c78288e7a,2019-08-28 08:57:13
安庆市本级,蓝宝石长晶与加工项目,经开区三期，东至规划地块，西至二号路，南至沿江路，北至四号路。,工业用地,其它,8.791353,挂牌出让,50,2216.0000,下限:1.00上限:0.00,2017年05月19日,https://www.landchina.com/default.aspx?tabid=386&comname=default&wmguid=75c72564-ffd9-426a-954b-8ac2df0903b7&recorderguid=2f3f1126-c457-4459-b90d-bb6d6b3117fa,2019-08-28 08:58:13
安庆市本级,年产100万台空气净化器项目,经开区罗冲工业园内，东至一号路，南至南环路，西至中力安公司，北至中船动力配套有限公司。,工业用地,家用空气调节器制造,1.093156,挂牌出让,50,404.5000,下限:1.00上限:0.00,2017年05月19日,https://www.landchina.com/default.aspx?tabid=386&comname=default&wmguid=75c72564-ffd9-426a-954b-8ac2df0903b7&recorderguid=b8e2cadd-4b3e-4910-ab56-caa9719c7d78,2019-08-28 08:59:01
安庆市本级,天盟房产,位于市开发区迎宾大道以南10-18-1地块。东至规划二路；南至10-19地块；西至社区二路；北至迎宾大道。,其他普通商品住房用地,房地产业,6.002613,拍卖出让,70,24771.0000,下限:1.00上限:1.80,2017年04月13日,https://www.landchina.com/default.aspx?tabid=386&comname=default&wmguid=75c72564-ffd9-426a-954b-8ac2df0903b7&recorderguid=f27bb5ed-1d2a-4162-9894-5e2d6ac2fba0,2019-08-28 08:59:44
安庆市本级,恒大地产,大桥开发区C-13地块，独秀大道以东，七匹狼商业街以南，晴岚路以西，天柱山东路以北。,中低价位、中小套型普通商品住房用地,房地产业,16.497002,拍卖出让,70,133800.0000,下限:1.00上限:2.80,2017年03月09日,https://www.landchina.com/default.aspx?tabid=386&comname=default&wmguid=75c72564-ffd9-426a-954b-8ac2df0903b7&recorderguid=c4747c33-f6ee-49c8-9a4f-cc9b8385a4a3,2019-08-28 09:00:18
安庆市本级,年产3万吨香米食品加工项目,大桥开发区DQ02规划单元内，东至经十三路、南至DQ02-0203地块、西至华茂第三工业园用地、北至胜利路。,工业用地,农、林、牧、渔服务业,0.093530,挂牌出让,45,34.7000,下限:1.00上限:0.00,2016年05月27日,https://www.landchina.com/default.aspx?tabid=386&comname=default&wmguid=75c72564-ffd9-426a-954b-8ac2df0903b7&recorderguid=231d6b7f-1088-4c65-96ee-5c31e279c9ba,2019-08-28 09:00:53
安庆市本级,安庆（皖西南）保税物流中心（B）型建设工程项目,开发区三期，东至环城东路，西至距内环东路约432米，南至元山路约689米，北至星光路。,仓储用地,仓储业,6.807567,挂牌出让,50,2104.0000,下限:0.00上限:1.20,2016年05月27日,https://www.landchina.com/default.aspx?tabid=386&comname=default&wmguid=75c72564-ffd9-426a-954b-8ac2df0903b7&recorderguid=0dc7c44f-7df3-41b7-b084-faff312ba48c,2019-08-28 09:01:35
安庆市本级,粉末冶金制品项目,开发区三期，东至方兴路，西至段山东路，南至元山路。,工业用地,金属制品业,8.003633,挂牌出让,50,2730.0000,下限:1.20上限:0.00,2016年04月28日,https://www.landchina.com/default.aspx?tabid=386&comname=default&wmguid=75c72564-ffd9-426a-954b-8ac2df0903b7&recorderguid=d609412a-35e3-4fa6-8083-f1a40d710415,2019-08-28 09:02:21
安庆市本级,新能源汽车电池系统关键零部件项目,开发区三期，东至方兴路，西至段山东路，北至仁爱路,工业用地,通用设备制造业,5.728380,挂牌出让,50,1954.0000,下限:1.20上限:0.00,2015年10月08日,https://www.landchina.com/default.aspx?tabid=386&comname=default&wmguid=75c72564-ffd9-426a-954b-8ac2df0903b7&recorderguid=1d8df9c8-e808-4596-9b19-84ca3a1c2d5d,2019-08-28 09:03:15
安庆市本级,苏东石化电力设备公司零星地块,开发区三期，东至一号路，西至苏东石化公司一期，南至三号路，北至石化公司二期。,工业用地,专用设备制造业,0.172458,挂牌出让,42,57.7700,下限:0.00上限:0.00,2015年10月08日,https://www.landchina.com/default.aspx?tabid=386&comname=default&wmguid=75c72564-ffd9-426a-954b-8ac2df0903b7&recorderguid=8068a5c4-be81-425f-9f92-cb61887e16bb,2019-08-28 09:04:09
安庆市本级,外国语学校东侧住宅区,位于东部新城振风大道与辉煌路交叉口，东至辉煌路；南至振风大道；西至外国语学校；北至区间道路。,中低价位、中小套型普通商品住房用地,房地产业,8.745927,挂牌出让,70,22553.0000,下限:1.00上限:2.50,2015年09月07日,https://www.landchina.com/default.aspx?tabid=386&comname=default&wmguid=75c72564-ffd9-426a-954b-8ac2df0903b7&recorderguid=39567b7a-611f-417b-be00-0f8345025393,2019-08-28 09:05:02
安庆市本级,安庆新能源汽车零部件产业园项目（1-2期）,开发区三期东至环城东路，西至长风路，北至皖江大道。,工业用地,汽车制造,30.585628,挂牌出让,50,9574.0000,下限:0.30上限:1.50,2015年07月24日,https://www.landchina.com/default.aspx?tabid=386&comname=default&wmguid=75c72564-ffd9-426a-954b-8ac2df0903b7&recorderguid=c3863863-e75b-4988-bc6f-2544f3f2cc76,2019-08-28 09:06:05
安庆市本级,商业,安庆经济技术开发区，天柱山西路与规划二路交叉口西北侧,其他商服用地,房屋和土木工程业,2.222143,挂牌出让,40,12335.0000,下限:1.00上限:3.50,2015年05月29日,https://www.landchina.com/default.aspx?tabid=386&comname=default&wmguid=75c72564-ffd9-426a-954b-8ac2df0903b7&recorderguid=f945c046-495e-4fe3-8588-6596c492129d,2019-08-28 09:07:26
安庆市本级,商业,安庆经济技术开发区，天柱山西路与规划二路交叉口东北侧,其他商服用地,房屋和土木工程业,2.174654,挂牌出让,40,12015.0000,下限:1.00上限:3.50,2015年05月29日,https://www.landchina.com/default.aspx?tabid=386&comname=default&wmguid=75c72564-ffd9-426a-954b-8ac2df0903b7&recorderguid=f34a26f6-be58-4663-bad1-5fe397878753,2019-08-28 09:09:10
安庆市本级,住宅,安庆经济技术开发区，新城东区方兴路东侧，胜利路以北，老峰第一还建点以南,其他普通商品住房用地,房屋和土木工程业,1.589331,挂牌出让,70,4950.0000,下限:1.00上限:3.50,2015年05月29日,https://www.landchina.com/default.aspx?tabid=386&comname=default&wmguid=75c72564-ffd9-426a-954b-8ac2df0903b7&recorderguid=06c609f1-071b-4c4d-b265-6ff2772a3e56,2019-08-28 09:10:34
安庆市本级,住宅,安庆经济技术开发区，新城东区方兴路西侧，胜利路以北，老峰第一还建点以南,其他普通商品住房用地,房屋和土木工程业,1.879101,挂牌出让,70,5953.0000,下限:1.00上限:3.50,2015年05月29日,https://www.landchina.com/default.aspx?tabid=386&comname=default&wmguid=75c72564-ffd9-426a-954b-8ac2df0903b7&recorderguid=8c415ddb-bf7b-445d-aee3-2cc10e000967,2019-08-28 09:12:16
安庆市本级,住宅,安庆经济技术开发区，天柱山西路以南，支路四以北，规划二路以东,其他普通商品住房用地,房屋和土木工程业,6.225206,挂牌出让,70,32604.0000,下限:1.00上限:3.50,2015年05月29日,https://www.landchina.com/default.aspx?tabid=386&comname=default&wmguid=75c72564-ffd9-426a-954b-8ac2df0903b7&recorderguid=ad69f95e-0ccc-405d-b8b0-89b9377335fa,2019-08-28 09:15:21
安庆市本级,住宅,"安庆经济技术开发区,铁路线以南，中兴大道以东,鑫园小区以西",其他普通商品住房用地,房屋和土木工程业,0.902326,挂牌出让,70,4978.0000,下限:1.00上限:3.50,2015年05月29日,https://www.landchina.com/default.aspx?tabid=386&comname=default&wmguid=75c72564-ffd9-426a-954b-8ac2df0903b7&recorderguid=f231e9c5-d2a6-46d2-b7c0-05593ee41382,2019-08-28 09:17:28
安庆市本级,住宅,"安庆经济技术开发区,铁路线以南，迎宾大道以北，迎宾小区以西",其他普通商品住房用地,房屋和土木工程业,2.409282,挂牌出让,70,9707.0000,下限:1.00上限:3.50,2015年05月29日,https://www.landchina.com/default.aspx?tabid=386&comname=default&wmguid=75c72564-ffd9-426a-954b-8ac2df0903b7&recorderguid=64d90ea3-917e-4567-9914-f26e128f7f8e,2019-08-28 09:18:54
安庆市本级,住宅,"安庆经济技术开发区,纬三路以南,铁路线以北，乌岭小学以东",其他普通商品住房用地,房屋和土木工程业,4.152162,挂牌出让,70,16695.0000,下限:1.00上限:3.50,2015年05月29日,https://www.landchina.com/default.aspx?tabid=386&comname=default&wmguid=75c72564-ffd9-426a-954b-8ac2df0903b7&recorderguid=03996686-2b83-42bd-9581-ab127db11bb6,2019-08-28 09:19:35
安庆市本级,商业,安庆经济技术开发区3.9工业园，舒怡家居以西，纬二路以北,其他商服用地,房屋和土木工程业,4.985482,挂牌出让,40,26472.0000,下限:1.00上限:3.50,2015年05月29日,https://www.landchina.com/default.aspx?tabid=386&comname=default&wmguid=75c72564-ffd9-426a-954b-8ac2df0903b7&recorderguid=d1196ad9-3cc6-4d2d-a0d3-7570ece1b47b,2019-08-28 09:20:40
安庆市本级,住宅,安庆经济技术开发区，天柱山西路以南，支路四以北，社区二路以东，规划二路以西,其他普通商品住房用地,房屋和土木工程业,2.266191,挂牌出让,70,10030.0000,下限:1.00上限:3.50,2015年05月29日,https://www.landchina.com/default.aspx?tabid=386&comname=default&wmguid=75c72564-ffd9-426a-954b-8ac2df0903b7&recorderguid=0d7af063-8399-4ba5-970a-01e1ff0392d7,2019-08-28 09:21:52
安庆市本级,安庆置地投资有限公司,位于大桥开发区C-20地块（东至永安公馆小区、南至振风大道、西至独秀大道、北至叶祠路）,其他普通商品住房用地,房地产业,9.215711,挂牌出让,70,29592.0000,下限:1.00上限:4.00,2015年05月11日,https://www.landchina.com/default.aspx?tabid=386&comname=default&wmguid=75c72564-ffd9-426a-954b-8ac2df0903b7&recorderguid=fdff7816-0ea8-4686-9ba4-9224d09cecee,2019-08-28 09:23:16
安庆市本级,安庆新能源汽车零部件产业园项目（增补地块）,安庆市开发区三期西至长风路、北至皖江大道、南至环城东路,工业用地,汽车制造,6.213922,挂牌出让,50,1846.0000,下限:0.30上限:1.50,2015年04月24日,https://www.landchina.com/default.aspx?tabid=386&comname=default&wmguid=75c72564-ffd9-426a-954b-8ac2df0903b7&recorderguid=5fd3ddc7-00a7-4cfa-ad01-95cef027cfc0,2019-08-28 09:24:51
安庆市本级,节能门窗幕墙生产项目（一期增补地块）,市开发区三期，西至内环西路、北至元山南路、东至联兴路、南至胜利路,工业用地,砖瓦、石材及其他建筑材料制造,0.491421,挂牌出让,50,167.0000,下限:1.20上限:0.00,2015年04月24日,https://www.landchina.com/default.aspx?tabid=386&comname=default&wmguid=75c72564-ffd9-426a-954b-8ac2df0903b7&recorderguid=94a8ec77-b294-448c-9757-1c7639ca54e7,2019-08-28 09:26:37
安庆市本级,康体创新科技园项目,安庆临港经济开发区,工业用地,文教体育用品制造业,3.755923,挂牌出让,50,1390.0000,下限:2.00上限:0.00,2014年12月18日,https://www.landchina.com/default.aspx?tabid=386&comname=default&wmguid=75c72564-ffd9-426a-954b-8ac2df0903b7&recorderguid=cb6ef1e8-ca75-4404-8d7b-13d3201bad7a,2019-08-28 09:27:52
安庆市本级,安庆新能源汽车零部件产业园项目,安庆市开发区三期西至长风路、北至皖江大道、南至环城东路,工业用地,汽车制造,21.220278,挂牌出让,50,6303.0000,下限:0.30上限:1.50,2014年12月18日,https://www.landchina.com/default.aspx?tabid=386&comname=default&wmguid=75c72564-ffd9-426a-954b-8ac2df0903b7&recorderguid=20d5e458-81e1-4bcc-adc1-8695b3e5ae40,2019-08-28 09:29:05
安庆市本级,节能门窗幕墙生产项目（一期）,市开发区三期，西至内环西路、北至元山南路、东至联兴路、南至胜利路,工业用地,砖瓦、石材及其他建筑材料制造,7.480050,挂牌出让,50,2536.0000,下限:1.20上限:0.00,2014年12月18日,https://www.landchina.com/default.aspx?tabid=386&comname=default&wmguid=75c72564-ffd9-426a-954b-8ac2df0903b7&recorderguid=c5def529-db23-4fd6-ab4c-ac50f7fc3717,2019-08-28 09:30:25
安庆市本级,学府花园小区,大桥开发区C-11“学府花园”以北地块（东至区间道路，南至学府花园，西至文苑路，北至芭茅路）,其他商服用地,房地产业,0.089931,挂牌出让,32.1,415.0000,下限:1.00上限:1.80,2014年12月15日,https://www.landchina.com/default.aspx?tabid=386&comname=default&wmguid=75c72564-ffd9-426a-954b-8ac2df0903b7&recorderguid=2c6bf1b2-9e2c-4a8b-9b7f-2e03b7f5f63e,2019-08-28 09:32:24
安庆市本级,书香一品小区,大桥开发区C-11“书香一品”以北地块（东至朝阳路，南至书香一品，西至区间道路，北至芭茅路）,其他商服用地,房地产业,0.101183,挂牌出让,32.7,456.0000,下限:1.00上限:1.80,2014年12月15日,https://www.landchina.com/default.aspx?tabid=386&comname=default&wmguid=75c72564-ffd9-426a-954b-8ac2df0903b7&recorderguid=722a76d3-8549-4117-954c-1a02c60b1331,2019-08-28 09:34:27
安庆市本级,天宝商务宾馆,市开发区，东至龙眠山路，南至光彩大市场，西至天宝公司，北至城东污水处理有限公司,住宿餐饮用地,餐饮业,0.128117,挂牌出让,27,1293.0000,下限:4.10上限:4.10,2014年10月14日,https://www.landchina.com/default.aspx?tabid=386&comname=default&wmguid=75c72564-ffd9-426a-954b-8ac2df0903b7&recorderguid=aa144207-ab4f-4bb2-b362-d17d13be50e3,2019-08-28 09:35:50
安庆市本级,旺旺食品PET生产线,大桥开发区A-10地块（东至旺旺四期厂区，南至白泽路，西至龙眠山北路，北至振兴东路）,工业用地,食品制造业,7.829432,挂牌出让,47,2858.0000,下限:1.00上限:0.00,2014年08月31日,https://www.landchina.com/default.aspx?tabid=386&comname=default&wmguid=75c72564-ffd9-426a-954b-8ac2df0903b7&recorderguid=4942c089-b606-456d-a99b-e4b1d2705be4,2019-08-28 09:36:47
安庆市本级,宜秀都市（创新）产业园,大桥开发区B-10地块（东至朝阳路，南至白泽路，西至文苑路，北至振兴东路）,工业用地,仓储业,3.652412,挂牌出让,47,1334.0000,下限:3.02上限:3.02,2014年08月27日,https://www.landchina.com/default.aspx?tabid=386&comname=default&wmguid=75c72564-ffd9-426a-954b-8ac2df0903b7&recorderguid=71a9537b-0890-4a61-9e9e-c56e8b849b25,2019-08-28 09:37:55
安庆市本级,滨江新区高新技术中小企业孵化中心二期建设项目,安庆经济技术开发区滨江新区铸锻产业园内,工业用地,仓储业,14.305526,挂牌出让,50,4759.0000,下限:2.00上限:0.00,2014年07月25日,https://www.landchina.com/default.aspx?tabid=386&comname=default&wmguid=75c72564-ffd9-426a-954b-8ac2df0903b7&recorderguid=65b36714-89a9-441d-987f-b0a5b7629eb4,2019-08-28 09:39:21
安庆市本级,电工机械成套设备制造项目,安庆临港经济开发区,工业用地,塑料制品业,1.629928,挂牌出让,50,594.9200,下限:1.00上限:1.80,2014年06月17日,https://www.landchina.com/default.aspx?tabid=386&comname=default&wmguid=75c72564-ffd9-426a-954b-8ac2df0903b7&recorderguid=c955253b-f752-43a4-84a4-2646277bcea3,2019-08-28 09:40:39
安庆市本级,南翔BOSS湾大酒店,市开发区，东至龙眠山路，西至安徽南翔光彩大市场有限公司，北至待出让地块,住宿餐饮用地,餐饮业,0.027569,挂牌出让,29.95,318.0000,下限:2.70上限:2.70,2014年06月17日,https://www.landchina.com/default.aspx?tabid=386&comname=default&wmguid=75c72564-ffd9-426a-954b-8ac2df0903b7&recorderguid=e82d5e9d-9b03-4b89-a9a9-252a5867de76,2019-08-28 09:42:07
安庆市本级,盈江化工,大观经济开发区,工业用地,化学原料及化学制品制造业,2.427380,挂牌出让,50,746.0000,下限:0.60上限:1.20,2014年06月17日,https://www.landchina.com/default.aspx?tabid=386&comname=default&wmguid=75c72564-ffd9-426a-954b-8ac2df0903b7&recorderguid=dd3041b8-954e-4f2f-9e9c-bc7c1fd0a0bb,2019-08-28 09:43:50
安庆市本级,安徽汉明伯爵,大桥开发区C-6-2地块，东至文苑路；南至C-6还建点；西至C-6还建点；北至迎宾东路,住宿餐饮用地,商务服务业,1.563508,拍卖出让,40,5638.0000,下限:1.00上限:3.30,2014年06月17日,https://www.landchina.com/default.aspx?tabid=386&comname=default&wmguid=75c72564-ffd9-426a-954b-8ac2df0903b7&recorderguid=10f5a0f5-95e7-434d-9143-e560796140b2,2019-08-28 09:45:45
安庆市本级,安庆电厂综合码头及配套工程项目,位于迎江区，东至马窝村，南至长江大堤，西至电厂一期，北至马窝村,工业用地,火力发电,8.126828,挂牌出让,50,2698.0000,下限:0.00上限:2.00,2014年06月16日,https://www.landchina.com/default.aspx?tabid=386&comname=default&wmguid=75c72564-ffd9-426a-954b-8ac2df0903b7&recorderguid=e362165f-a3ba-44ad-866a-842ccedb9602,2019-08-28 09:46:44
安庆市本级,重型容器生产线项目,市开发区新城东区铸锻产业园内,工业用地,专用设备制造业,1.403598,挂牌出让,50,466.0000,下限:1.20上限:0.00,2014年05月21日,https://www.landchina.com/default.aspx?tabid=386&comname=default&wmguid=75c72564-ffd9-426a-954b-8ac2df0903b7&recorderguid=de496901-98ef-4deb-acc6-dde5caee0ff7,2019-08-28 09:47:44
安庆市本级,开发区商业综合体,市开发区,其他商服用地,其他金融服务,4.411508,挂牌出让,40,17894.0000,下限:1.00上限:3.50,2014年05月15日,https://www.landchina.com/default.aspx?tabid=386&comname=default&wmguid=75c72564-ffd9-426a-954b-8ac2df0903b7&recorderguid=085b1b6b-7267-4807-a099-5df1792614e1,2019-08-28 09:48:39
安庆市本级,开发区商业综合体,市开发区,其他商服用地,其他金融服务,4.139738,挂牌出让,40,20464.0000,下限:1.00上限:3.50,2014年05月15日,https://www.landchina.com/default.aspx?tabid=386&comname=default&wmguid=75c72564-ffd9-426a-954b-8ac2df0903b7&recorderguid=0876fe5f-5e1b-4e24-a2ce-cfe89aba990b,2019-08-28 09:49:05
安庆市本级,开发区商业综合体,市开发区,其他商服用地,其他金融服务,7.162205,挂牌出让,40,22958.0000,下限:1.00上限:3.50,2014年05月15日,https://www.landchina.com/default.aspx?tabid=386&comname=default&wmguid=75c72564-ffd9-426a-954b-8ac2df0903b7&recorderguid=0aaae746-42fc-489c-bf62-a4697e1c2053,2019-08-28 09:49:39
安庆市本级,开发区商业综合体,市开发区,其他商服用地,其他金融服务,1.668735,挂牌出让,40,8210.0000,下限:1.00上限:3.50,2014年05月15日,https://www.landchina.com/default.aspx?tabid=386&comname=default&wmguid=75c72564-ffd9-426a-954b-8ac2df0903b7&recorderguid=156b246d-e3e9-4edf-a6fe-ceaffad61668,2019-08-28 09:50:02
安庆市本级,开发区商业综合体,市开发区,其他商服用地,其他金融服务,4.560308,挂牌出让,40,18539.0000,下限:1.00上限:3.50,2014年05月15日,https://www.landchina.com/default.aspx?tabid=386&comname=default&wmguid=75c72564-ffd9-426a-954b-8ac2df0903b7&recorderguid=209c4f35-8ddf-4516-82f1-1d08e888dec2,2019-08-28 09:50:35
安庆市本级,开发区商业综合体,市开发区,其他商服用地,其他金融服务,1.315556,挂牌出让,40,7419.0000,下限:1.00上限:3.50,2014年05月15日,https://www.landchina.com/default.aspx?tabid=386&comname=default&wmguid=75c72564-ffd9-426a-954b-8ac2df0903b7&recorderguid=3541cfc0-b499-460a-ba29-609dd28cbe07,2019-08-28 09:51:14
安庆市本级,开发区商业综合体项目,安庆市经济技术开发区,其他商服用地,其他金融服务,1.755260,挂牌出让,40,7489.0000,下限:1.00上限:3.50,2014年05月15日,https://www.landchina.com/default.aspx?tabid=386&comname=default&wmguid=75c72564-ffd9-426a-954b-8ac2df0903b7&recorderguid=6b47c89f-c858-4a51-8d42-13976fb780d5,2019-08-28 09:52:06
安庆市本级,开发区商业综合体,市开发区,其他商服用地,其他金融服务,4.414643,挂牌出让,40,23306.0000,下限:1.00上限:3.50,2014年05月15日,https://www.landchina.com/default.aspx?tabid=386&comname=default&wmguid=75c72564-ffd9-426a-954b-8ac2df0903b7&recorderguid=9f3bbe85-157f-4609-82be-dd5605acfd28,2019-08-28 09:52:53
安庆市本级,开发区商业综合体,市开发区,其他商服用地,其他金融服务,4.671047,挂牌出让,40,18844.0000,下限:1.00上限:3.50,2014年05月15日,https://www.landchina.com/default.aspx?tabid=386&comname=default&wmguid=75c72564-ffd9-426a-954b-8ac2df0903b7&recorderguid=a2c76c10-ef98-466c-b0dc-f53759dc1213,2019-08-28 09:54:00
安庆市本级,非晶、纳米晶新材料,新城东区铸锻产业园秦潭路以东，帝雅项目用地以南,工业用地,金属制品业,1.326848,挂牌出让,50,441.0000,下限:1.00上限:1.80,2014年03月05日,https://www.landchina.com/default.aspx?tabid=386&comname=default&wmguid=75c72564-ffd9-426a-954b-8ac2df0903b7&recorderguid=2398ff75-eced-47e3-a0d7-262432eb4081,2019-08-28 09:54:31
安庆市本级,ABT汽车高端装备项目,位于开发区3.9km2工业园。乌岭迎宾工业园东侧，经六路以西，206国道以南，谷香河北侧绿线以北。,工业用地,汽车制造,1.493237,挂牌出让,50,545.0000,下限:1.20上限:0.00,2014年01月14日,https://www.landchina.com/default.aspx?tabid=386&comname=default&wmguid=75c72564-ffd9-426a-954b-8ac2df0903b7&recorderguid=0243e41e-a354-4820-adaf-8f25c887c581,2019-08-28 09:55:02
安庆市本级,华茂国际纺织工业城给水净化及污水处理工程项目,安庆临港经济开发区,工业用地,公共设施管理业,10.632581,挂牌出让,50,3880.4900,下限:0.80上限:0.00,2013年12月15日,https://www.landchina.com/default.aspx?tabid=386&comname=default&wmguid=75c72564-ffd9-426a-954b-8ac2df0903b7&recorderguid=4c425056-9cb4-4831-b013-19de286984d6,2019-08-28 09:55:31
安庆市本级,安徽万里行机动车驾驶培训有限公司,大观新城丁香路北侧,仓储用地,仓储业,4.285244,挂牌出让,50,1565.0000,下限:1.00上限:1.50,2013年10月24日,https://www.landchina.com/default.aspx?tabid=386&comname=default&wmguid=75c72564-ffd9-426a-954b-8ac2df0903b7&recorderguid=6308bb2e-9dda-40eb-8ef3-fc62bb29ed50,2019-08-28 09:55:58
安庆市本级,年产2500套铁路客车真空集便器生产线项目,安庆临港经济开发区,工业用地,通讯设备、计算机及其他电子设备制造业,2.071307,挂牌出让,50,756.0000,下限:1.00上限:0.00,2013年10月17日,https://www.landchina.com/default.aspx?tabid=386&comname=default&wmguid=75c72564-ffd9-426a-954b-8ac2df0903b7&recorderguid=b7b2d5b5-df42-42ee-a6ff-c21a272e8eab,2019-08-28 09:56:13
安庆市本级,安徽天禾集团医药产业园,位于安庆经济技术开发区3.9工业园，东至经六路，西至安簧公司，南至纬二路，北至纬一路,工业用地,医药制造业,2.198766,挂牌出让,50,803.0000,下限:1.00上限:2.50,2013年10月17日,https://www.landchina.com/default.aspx?tabid=386&comname=default&wmguid=75c72564-ffd9-426a-954b-8ac2df0903b7&recorderguid=3fdfc254-2170-4d00-999d-c7dc9142e711,2019-08-28 09:56:35
安庆市本级,安庆三维电器有限公司,新城东区，东至内环西路，南至开发区地块，西至新兴路，北至胜利路,工业用地,专用设备制造业,4.767531,挂牌出让,50,1583.0000,下限:1.32上限:1.32,2013年09月18日,https://www.landchina.com/default.aspx?tabid=386&comname=default&wmguid=75c72564-ffd9-426a-954b-8ac2df0903b7&recorderguid=9f8a452b-c8dc-4e8e-937e-d58fc9467b46,2019-08-28 09:57:02
安庆市本级,安徽帝博工艺美术品制造有限公司,新城东区，东至一号路，南至开发区地块，西至秦潭路，北至皖江大道绿化用地,工业用地,工艺品及其他制造业,3.281956,挂牌出让,50,1090.0000,下限:1.24上限:1.24,2013年09月18日,https://www.landchina.com/default.aspx?tabid=386&comname=default&wmguid=75c72564-ffd9-426a-954b-8ac2df0903b7&recorderguid=56bed63b-fd90-4574-b8ba-1e151f00d8c1,2019-08-28 09:57:29
安庆市本级,中国石化销售有限公司华中分公司,市高新区,工业用地,管道运输业,12.017371,挂牌出让,50,4387.0000,下限:0.60上限:1.50,2013年09月03日,https://www.landchina.com/default.aspx?tabid=386&comname=default&wmguid=75c72564-ffd9-426a-954b-8ac2df0903b7&recorderguid=3eaeb9b5-26c7-409f-9e09-7c1e107137f8,2019-08-28 09:58:13
安庆市本级,中国石油化工股份有限公司管道储运分公司,市高新区,工业用地,管道运输业,1.606973,挂牌出让,50,587.0000,下限:0.60上限:1.50,2013年09月03日,https://www.landchina.com/default.aspx?tabid=386&comname=default&wmguid=75c72564-ffd9-426a-954b-8ac2df0903b7&recorderguid=1a40a444-ee83-46e6-8bb3-7e64be189352,2019-08-28 09:59:00
安庆市本级,年产5万公里铝合金特种电缆及6.5万公里的柔韧性防火特种电缆项目,临港经济开发区,工业用地,其它,1.999183,挂牌出让,50,730.0000,下限:1.01上限:0.00,2013年08月21日,https://www.landchina.com/default.aspx?tabid=386&comname=default&wmguid=75c72564-ffd9-426a-954b-8ac2df0903b7&recorderguid=c3075939-9596-4259-a097-8e7b09e6d2ee,2019-08-28 09:59:54
安庆市本级,年产2000万米高档染整新颖面料,临港经济开发区,工业用地,纺织服装、鞋、帽制造业,7.210780,挂牌出让,50,2632.0000,下限:1.21上限:0.00,2013年08月21日,https://www.landchina.com/default.aspx?tabid=386&comname=default&wmguid=75c72564-ffd9-426a-954b-8ac2df0903b7&recorderguid=9f8736b0-4f41-4a63-9da1-f81c07ea4fe7,2019-08-28 10:00:43
安庆市本级,宜秀区安徽巨石山“山地入口服务区”,安庆市宜秀区罗岭镇小龙山社区,其他商服用地,商务服务业,4.685521,挂牌出让,40,3800.0000,下限:0.80上限:1.00,2013年07月03日,https://www.landchina.com/default.aspx?tabid=386&comname=default&wmguid=75c72564-ffd9-426a-954b-8ac2df0903b7&recorderguid=ecdb91e3-d7e2-4e11-b193-9cee5c1c2283,2019-08-28 10:02:04
安庆市本级,年产150万片电动车跑步机托板项目,宜秀区杨桥镇官兵村,工业用地,木材加工及木、竹、藤、棕、草制品业,1.875815,挂牌出让,50,387.4500,下限:1.00上限:1.20,2013年05月17日,https://www.landchina.com/default.aspx?tabid=386&comname=default&wmguid=75c72564-ffd9-426a-954b-8ac2df0903b7&recorderguid=4a3d5939-c0f8-46ee-a53b-fbbdb9b3da07,2019-08-28 10:03:30
安庆市本级,大桥开发区C-20-3地块,大桥开发区独秀大道东侧商业地块以东、C-20-2地块以南、晴岚路以西、C-20-4地块以北,其他普通商品住房用地,房地产业,4.583754,挂牌出让,70,11805.0000,下限:1.00上限:2.50,2013年05月10日,https://www.landchina.com/default.aspx?tabid=386&comname=default&wmguid=75c72564-ffd9-426a-954b-8ac2df0903b7&recorderguid=66906404-5f70-4ff6-9941-8ddb0070c950,2019-08-28 10:04:35
安庆市本级,大桥开发区C-20-4地块,大桥开发区独秀大道东侧商业地块以东、C-20-3地块以南、晴岚路以西、振风大道以北,商务金融用地,房地产业,1.097070,挂牌出让,40,2565.0000,下限:1.00上限:2.00,2013年05月08日,https://www.landchina.com/default.aspx?tabid=386&comname=default&wmguid=75c72564-ffd9-426a-954b-8ac2df0903b7&recorderguid=05bbdf22-ff60-4565-b3bf-b4e5cada9bea,2019-08-28 10:05:40
安庆市本级,大桥开发区芭茅路商业步行街C-10地块,大桥开发区芭茅路以南，东至文苑路，南至安庆市建桥投资有限公司，西至经十四路，北至芭茅路。,商务金融用地,房地产业,1.404846,拍卖出让,40,3790.0000,下限:0.00上限:1.80,2013年04月22日,https://www.landchina.com/default.aspx?tabid=386&comname=default&wmguid=75c72564-ffd9-426a-954b-8ac2df0903b7&recorderguid=a2d6c556-53f0-4dae-8b46-7ea049abe520,2019-08-28 10:06:26
安庆市本级,大桥开发区芭茅路商业步行街C-6地块,大桥开发区芭茅路北侧，东至文苑路，南至芭茅路，西至经十四路，北至安庆长江大桥综合经济开发区建设投资有限责任公司。,商务金融用地,房地产业,1.458623,拍卖出让,40,3950.0000,下限:0.00上限:1.80,2013年04月22日,https://www.landchina.com/default.aspx?tabid=386&comname=default&wmguid=75c72564-ffd9-426a-954b-8ac2df0903b7&recorderguid=445606ee-e92c-4662-b804-51339c8c96f6,2019-08-28 10:07:35
安庆市本级,安庆恒远置业有限公司,皖江大道南侧独秀大道东侧,其他商服用地,房地产业,3.105250,挂牌出让,40,9406.0000,下限:2.50上限:3.00,2013年04月08日,https://www.landchina.com/default.aspx?tabid=386&comname=default&wmguid=75c72564-ffd9-426a-954b-8ac2df0903b7&recorderguid=8223fa14-c2bd-46ec-ae60-707c4c51ef39,2019-08-28 10:08:47
安庆市本级,安庆恒远置业有限公司,华中路北侧独秀大道东侧,其他普通商品住房用地,房地产业,5.910349,挂牌出让,70,17831.0000,下限:1.00上限:3.30,2013年04月08日,https://www.landchina.com/default.aspx?tabid=386&comname=default&wmguid=75c72564-ffd9-426a-954b-8ac2df0903b7&recorderguid=2f0f3ab1-37d6-4e4b-baa0-b22b5f9a59b2,2019-08-28 10:09:30
安庆市本级,安庆市针挑香酿造食品有限公司,安庆市大观区海口镇,工业用地,食品制造业,0.664336,挂牌出让,50,138.0000,下限:1.00上限:1.50,2013年03月31日,https://www.landchina.com/default.aspx?tabid=386&comname=default&wmguid=75c72564-ffd9-426a-954b-8ac2df0903b7&recorderguid=ded9caf7-daf6-4475-b16b-ee651ad8cd52,2019-08-28 10:10:10
安庆市本级,宜秀区杨桥镇余湾村诚信置业公司,宜秀区杨桥镇余湾村,住宿餐饮用地,住宿业,2.529200,挂牌出让,40,1057.1000,下限:上限:0.50,2013年01月29日,https://www.landchina.com/default.aspx?tabid=386&comname=default&wmguid=75c72564-ffd9-426a-954b-8ac2df0903b7&recorderguid=54aa60c8-8542-4016-8363-99366b404d79,2019-08-28 10:10:53
安庆市本级,安庆市德雅化工有限责任公司,安庆市化学集中区,工业用地,化学原料及化学制品制造业,1.011413,挂牌出让,50,370.0000,下限:0.60上限:1.50,2013年01月04日,https://www.landchina.com/default.aspx?tabid=386&comname=default&wmguid=75c72564-ffd9-426a-954b-8ac2df0903b7&recorderguid=8ff28390-3ab5-4f7f-a2fc-159590fe1f09,2019-08-28 10:11:49
安庆市本级,安庆市博通通信工程有限公司,大观区十里包装印刷工业园,工业用地,通用设备制造业,0.401048,挂牌出让,50,128.0000,下限:1.20上限:1.50,2013年01月04日,https://www.landchina.com/default.aspx?tabid=386&comname=default&wmguid=75c72564-ffd9-426a-954b-8ac2df0903b7&recorderguid=9f5629dd-144e-44d6-bdc4-1b79e06e8610,2019-08-28 10:12:58
安庆市本级,安庆市曙光集团,安庆市化学工业园,工业用地,化学原料及化学制品制造业,12.429342,挂牌出让,50,3729.0000,下限:0.60上限:1.50,2012年12月28日,https://www.landchina.com/default.aspx?tabid=386&comname=default&wmguid=75c72564-ffd9-426a-954b-8ac2df0903b7&recorderguid=dab185d2-35ea-47b2-a829-6a005009d984,2019-08-28 10:14:21
安庆市本级,安庆市曙光集团,安庆市化学工业园,工业用地,化学原料及化学制品制造业,14.462383,挂牌出让,50,4339.0000,下限:0.60上限:1.50,2012年12月28日,https://www.landchina.com/default.aspx?tabid=386&comname=default&wmguid=75c72564-ffd9-426a-954b-8ac2df0903b7&recorderguid=eb320122-f407-4825-8b4d-47267e1034d9,2019-08-28 10:15:51
安庆市本级,安庆市曙光集团,安庆市化学工业园,工业用地,化学原料及化学制品制造业,11.470052,挂牌出让,50,3442.0000,下限:0.60上限:1.50,2012年12月28日,https://www.landchina.com/default.aspx?tabid=386&comname=default&wmguid=75c72564-ffd9-426a-954b-8ac2df0903b7&recorderguid=bcf606f6-485b-49de-9332-02f9bf9a17be,2019-08-28 10:17:44
安庆市本级,安庆市曙光集团,安庆市化学工业园,工业用地,化学原料及化学制品制造业,16.060605,挂牌出让,50,4819.0000,下限:0.60上限:1.50,2012年12月28日,https://www.landchina.com/default.aspx?tabid=386&comname=default&wmguid=75c72564-ffd9-426a-954b-8ac2df0903b7&recorderguid=cbca4439-f145-4f9a-b6d4-6ed08bc8be81,2019-08-28 10:19:19
安庆市本级,安庆化工建设投资有限公司,市化学工业园,其他商服用地,商务服务业,6.346409,挂牌出让,40,4910.0000,下限:1.00上限:2.20,2012年11月27日,https://www.landchina.com/default.aspx?tabid=386&comname=default&wmguid=75c72564-ffd9-426a-954b-8ac2df0903b7&recorderguid=470fcd30-21fe-4541-9763-66388e3d527f,2019-08-28 10:21:30
安庆市本级,安庆化工建设投资有限公司,市化学工业园,其他商服用地,商务服务业,6.223077,挂牌出让,40,4796.0000,下限:1.00上限:2.20,2012年11月27日,https://www.landchina.com/default.aspx?tabid=386&comname=default&wmguid=75c72564-ffd9-426a-954b-8ac2df0903b7&recorderguid=892897e7-2b29-4be3-b046-da0072621284,2019-08-28 10:23:54
安庆市本级,安庆化工建设投资有限公司,市化学工业园,其他商服用地,商务服务业,10.373935,挂牌出让,40,8025.0000,下限:1.00上限:2.20,2012年11月27日,https://www.landchina.com/default.aspx?tabid=386&comname=default&wmguid=75c72564-ffd9-426a-954b-8ac2df0903b7&recorderguid=37a07b39-7e7a-4e49-8f46-bd3962fd4abf,2019-08-28 10:27:11
安庆市本级,安庆化工建设投资有限公司,市化学工业园,其他商服用地,商务服务业,9.406509,挂牌出让,40,7718.0000,下限:1.00上限:2.20,2012年11月27日,https://www.landchina.com/default.aspx?tabid=386&comname=default&wmguid=75c72564-ffd9-426a-954b-8ac2df0903b7&recorderguid=f47d960c-e066-465c-b337-1ec78b6cc020,2019-08-28 10:30:08
安庆市本级,安徽中盛建设投资有限公司,市开发区迎宾大道南侧,其他普通商品住房用地,房地产业,2.412703,挂牌出让,70,4787.0000,下限:1.00上限:2.20,2012年11月16日,https://www.landchina.com/default.aspx?tabid=386&comname=default&wmguid=75c72564-ffd9-426a-954b-8ac2df0903b7&recorderguid=5e1e1571-6bfe-4193-af2e-baf6debb2d2c,2019-08-28 10:33:55
安庆市本级,安徽中宜科技开发（集团）股份有限公司,市开发区天柱花苑北侧,其他普通商品住房用地,房地产业,0.664146,挂牌出让,70,1780.0000,下限:1.00上限:1.70,2012年11月16日,https://www.landchina.com/default.aspx?tabid=386&comname=default&wmguid=75c72564-ffd9-426a-954b-8ac2df0903b7&recorderguid=2307f5d9-99a0-43d1-a5c3-f7fce7c3ecbf,2019-08-28 10:37:13
安庆市本级,安庆惠迪汽车销售服务有限公司,市开发区中兴大道西侧,其他商服用地,商务服务业,0.544573,挂牌出让,40,1750.0000,下限:1.00上限:1.50,2012年11月06日,https://www.landchina.com/default.aspx?tabid=386&comname=default&wmguid=75c72564-ffd9-426a-954b-8ac2df0903b7&recorderguid=787a17d4-8b6f-4d3a-80fb-73737baebd25,2019-08-28 10:40:29
安庆市本级,商业,龙眠山路与菱湖北路交叉口的西南角,住宿餐饮用地,住宿业,4.809928,拍卖出让,40,8649.6870,下限:1.00上限:1.20,2012年11月06日,https://www.landchina.com/default.aspx?tabid=386&comname=default&wmguid=75c72564-ffd9-426a-954b-8ac2df0903b7&recorderguid=34e592d4-6fde-4abf-8e94-ee44af14da42,2019-08-28 10:44:10
安庆市本级,居住,宜秀区北部新城起步区TB-33、TB-35地块,商务金融用地,餐饮业,8.899566,挂牌出让,40,9164.0000,下限:1.00上限:3.50,2012年10月30日,https://www.landchina.com/default.aspx?tabid=386&comname=default&wmguid=75c72564-ffd9-426a-954b-8ac2df0903b7&recorderguid=b4dc480a-1a55-4b18-8121-56aa6c56a4d3,2019-08-28 10:46:53
安庆市本级,居住,宜秀区北部新城DB-33地块,科教用地,房地产业,2.412017,挂牌出让,50,2296.2400,下限:上限:0.80,2012年10月30日,https://www.landchina.com/default.aspx?tabid=386&comname=default&wmguid=75c72564-ffd9-426a-954b-8ac2df0903b7&recorderguid=b94b112a-2c6b-4b02-b681-77ffc92c2229,2019-08-28 10:48:49
安庆市本级,居住,宜秀区北部新城DB-36地块,其他普通商品住房用地,房地产业,11.050916,挂牌出让,70,11161.4300,下限:1.00上限:1.50,2012年10月30日,https://www.landchina.com/default.aspx?tabid=386&comname=default&wmguid=75c72564-ffd9-426a-954b-8ac2df0903b7&recorderguid=b2d9e727-d563-4374-a315-25f93917deac,2019-08-28 10:50:46
安庆市本级,居住,宜秀区北部新城DB-34地块,其他普通商品住房用地,房地产业,6.912197,挂牌出让,70,6580.4100,下限:1.00上限:1.10,2012年10月30日,https://www.landchina.com/default.aspx?tabid=386&comname=default&wmguid=75c72564-ffd9-426a-954b-8ac2df0903b7&recorderguid=4e7c66fd-5a42-4d39-9d43-ffe9b574cbec,2019-08-28 10:52:28
安庆市本级,居住,宜秀区北部新城DB-21地块,其他普通商品住房用地,房地产业,7.046085,挂牌出让,70,6707.8700,下限:1.00上限:1.10,2012年10月30日,https://www.landchina.com/default.aspx?tabid=386&comname=default&wmguid=75c72564-ffd9-426a-954b-8ac2df0903b7&recorderguid=608addff-f5ab-4b44-ae1c-38263194e6fe,2019-08-28 10:54:21
安庆市本级,居住,宜秀区北部新城DB-19地块,其他普通商品住房用地,房地产业,10.940638,挂牌出让,70,9551.2000,下限:1.00上限:1.10,2012年10月30日,https://www.landchina.com/default.aspx?tabid=386&comname=default&wmguid=75c72564-ffd9-426a-954b-8ac2df0903b7&recorderguid=03db60df-c1e9-4c47-a1db-b76d128b7fb8,2019-08-28 10:55:45
安庆市本级,安庆市新昌置业有限公司,市开发区中兴大道西侧,其他商服用地,商务服务业,2.413665,挂牌出让,40,9762.0000,下限:1.00上限:3.00,2012年10月25日,https://www.landchina.com/default.aspx?tabid=386&comname=default&wmguid=75c72564-ffd9-426a-954b-8ac2df0903b7&recorderguid=22a99899-54a5-41d7-9c20-cb364710e33f,2019-08-28 10:57:25
安庆市本级,安徽舒怡建设集团有限公司,市开发区3.9工业园,其他商服用地,商务服务业,2.056762,挂牌出让,40,3001.0000,下限:1.00上限:2.00,2012年10月25日,https://www.landchina.com/default.aspx?tabid=386&comname=default&wmguid=75c72564-ffd9-426a-954b-8ac2df0903b7&recorderguid=9a6cf9ae-8a41-42d6-a4d9-c554d3316602,2019-08-28 10:59:08
安庆市本级,安徽迅翔进出口有限公司,市开发区湖心北路东侧,其他商服用地,商务服务业,0.151240,拍卖出让,40,2529.0000,下限:1.00上限:2.60,2012年10月24日,https://www.landchina.com/default.aspx?tabid=386&comname=default&wmguid=75c72564-ffd9-426a-954b-8ac2df0903b7&recorderguid=714b9f6c-00cb-4d89-81b0-c315d4d6af16,2019-08-28 11:01:03
安庆市本级,安徽省百基机电科技有限公司,市开发区,工业用地,通用设备制造业,5.246274,挂牌出让,50,1474.0000,下限:1.00上限:,2012年09月29日,https://www.landchina.com/default.aspx?tabid=386&comname=default&wmguid=75c72564-ffd9-426a-954b-8ac2df0903b7&recorderguid=0fbe8bde-6d82-4882-b597-79e2375b77a2,2019-08-28 11:02:23
安庆市本级,安庆中船动力配套有限公司,市开发区,工业用地,通用设备制造业,6.010547,挂牌出让,50,1876.0000,下限:1.00上限:,2012年09月27日,https://www.landchina.com/default.aspx?tabid=386&comname=default&wmguid=75c72564-ffd9-426a-954b-8ac2df0903b7&recorderguid=58f6bc6c-8eb0-4a83-87d2-47ee6890ebd3,2019-08-28 11:03:38
安庆市本级,安庆中船动力配套有限公司,市开发区,工业用地,通用设备制造业,4.038401,挂牌出让,50,1260.0000,下限:1.00上限:,2012年09月27日,https://www.landchina.com/default.aspx?tabid=386&comname=default&wmguid=75c72564-ffd9-426a-954b-8ac2df0903b7&recorderguid=ccf30a1d-06dc-49d2-8b27-a38b3c92535e,2019-08-28 11:05:06
安庆市本级,联富房地产,大观区十魏路以南,其他普通商品住房用地,房地产业,3.273413,拍卖出让,70,9500.0000,下限:1.00上限:1.60,2012年09月19日,https://www.landchina.com/default.aspx?tabid=386&comname=default&wmguid=75c72564-ffd9-426a-954b-8ac2df0903b7&recorderguid=6b51abc3-ac35-4e09-b33a-3f944a965ec2,2019-08-28 11:06:01
安庆市本级,安庆市新屯仓储有限责任公司,市大观新城,仓储用地,仓储业,1.487486,挂牌出让,50,517.0000,下限:1.00上限:0.00,2012年08月31日,https://www.landchina.com/default.aspx?tabid=386&comname=default&wmguid=75c72564-ffd9-426a-954b-8ac2df0903b7&recorderguid=27d954ce-06dc-49ad-aa72-3516d976c67d,2019-08-28 11:06:52
安庆市本级,盛丰农资,大观开发区环城西路东侧,仓储用地,仓储业,3.320662,挂牌出让,50,1157.0000,下限:1.00上限:1.50,2012年08月31日,https://www.landchina.com/default.aspx?tabid=386&comname=default&wmguid=75c72564-ffd9-426a-954b-8ac2df0903b7&recorderguid=8cad8470-e6d5-4b7c-8943-f93a9edca365,2019-08-28 11:07:32
安庆市本级,安庆华兰科技有限公司,大观经济开发区,工业用地,化学原料及化学制品制造业,6.896865,挂牌出让,50,2118.0000,下限:1.00上限:1.50,2012年08月31日,https://www.landchina.com/default.aspx?tabid=386&comname=default&wmguid=75c72564-ffd9-426a-954b-8ac2df0903b7&recorderguid=64a82d39-3d87-49cd-a1f8-19092af954bf,2019-08-28 11:08:39
安庆市本级,仓储,大观开发区环城西路东侧,仓储用地,仓储业,7.636494,挂牌出让,50,2650.0000,下限:1.00上限:1.50,2012年08月31日,https://www.landchina.com/default.aspx?tabid=386&comname=default&wmguid=75c72564-ffd9-426a-954b-8ac2df0903b7&recorderguid=12086d87-d115-4450-8814-cb81a1852087,2019-08-28 11:09:06
安庆市本级,高铁动车配件,安庆市开发区新城东区,工业用地,通用设备制造业,2.133625,挂牌出让,50,679.0000,下限:1.00上限:,2012年08月31日,https://www.landchina.com/default.aspx?tabid=386&comname=default&wmguid=75c72564-ffd9-426a-954b-8ac2df0903b7&recorderguid=1a7f2882-c401-4889-92e7-2b1e7b4f99d9,2019-08-28 11:09:26
安庆市本级,安庆市三合同鑫工贸有限公司,大观区十里包装印刷工业园,工业用地,纺织服装、鞋、帽制造业,0.475600,挂牌出让,50,151.0000,下限:1.00上限:1.50,2012年08月20日,https://www.landchina.com/default.aspx?tabid=386&comname=default&wmguid=75c72564-ffd9-426a-954b-8ac2df0903b7&recorderguid=df8ea95e-d906-42cd-9f16-c3d4190e64f0,2019-08-28 11:09:47
安庆市本级,安庆恒美汽车销售服务有限公司,大观新城丁香路北侧,其他商服用地,商务服务业,0.908610,拍卖出让,40,1084.0000,下限:0.40上限:0.80,2012年08月14日,https://www.landchina.com/default.aspx?tabid=386&comname=default&wmguid=75c72564-ffd9-426a-954b-8ac2df0903b7&recorderguid=990458cb-a9ee-4473-b4e6-4f68bc27e272,2019-08-28 11:10:06
安庆市本级,安徽盛晟投资开发（集团）有限公司,华中路南侧，安庆长江大桥西侧,其他普通商品住房用地,房地产业,10.563293,拍卖出让,70,20500.0000,下限:1.00上限:3.00,2012年07月16日,https://www.landchina.com/default.aspx?tabid=386&comname=default&wmguid=75c72564-ffd9-426a-954b-8ac2df0903b7&recorderguid=8514a888-024d-4998-b367-08888ab15db6,2019-08-28 11:10:23
安庆市本级,军谊,大观区十里包装印刷工业园,工业用地,橡胶制品业,0.301591,挂牌出让,50,96.0000,下限:1.00上限:1.50,2012年07月03日,https://www.landchina.com/default.aspx?tabid=386&comname=default&wmguid=75c72564-ffd9-426a-954b-8ac2df0903b7&recorderguid=2f3aefb7-a1b5-4e81-9c75-4e71cc46a218,2019-08-28 11:10:45
安庆市本级,安庆石化,安庆市大观区化学工业园,工业用地,石油加工、炼焦及核燃料加工业,0.649813,挂牌出让,50,203.0000,下限:0.80上限:1.50,2012年07月02日,https://www.landchina.com/default.aspx?tabid=386&comname=default&wmguid=75c72564-ffd9-426a-954b-8ac2df0903b7&recorderguid=2dec2c7b-6d4b-44c2-92f1-0beb35645406,2019-08-28 11:11:06
安庆市本级,天晟,大观区十里包装印刷工业园,工业用地,纺织服装、鞋、帽制造业,0.495205,挂牌出让,50,157.0000,下限:1.00上限:1.50,2012年07月02日,https://www.landchina.com/default.aspx?tabid=386&comname=default&wmguid=75c72564-ffd9-426a-954b-8ac2df0903b7&recorderguid=eaf27cdf-b4ff-4240-a159-7bda13aa2e73,2019-08-28 11:11:14
安庆市本级,工业,大桥开发区A-3地块,工业用地,通用设备制造业,0.635797,挂牌出让,50,204.0000,下限:0.65上限:0.65,2012年06月25日,https://www.landchina.com/default.aspx?tabid=386&comname=default&wmguid=75c72564-ffd9-426a-954b-8ac2df0903b7&recorderguid=25d55ad8-fd49-437e-b3f9-d690ac876e22,2019-08-28 11:11:20
安庆市本级,民发商贸,大观西城皇冠路南侧,其他商服用地,商务服务业,0.398838,拍卖出让,40,1065.0000,下限:1.00上限:3.50,2012年06月12日,https://www.landchina.com/default.aspx?tabid=386&comname=default&wmguid=75c72564-ffd9-426a-954b-8ac2df0903b7&recorderguid=5f2cb71e-aee0-4ea7-ab5a-d94d12df7d1c,2019-08-28 11:11:28
安庆市本级,居住,宜秀区北部新城,其他普通商品住房用地,房地产业,9.869962,挂牌出让,70,10402.9000,下限:1.00上限:2.20,2012年06月06日,https://www.landchina.com/default.aspx?tabid=386&comname=default&wmguid=75c72564-ffd9-426a-954b-8ac2df0903b7&recorderguid=66211d6d-a4a2-411a-bb9b-38b2b351348a,2019-08-28 11:11:37
安庆市本级,贝德泵阀,大观区十里包装印刷工业园,工业用地,通用设备制造业,0.296204,挂牌出让,50,93.0000,下限:1.00上限:1.50,2012年06月05日,https://www.landchina.com/default.aspx?tabid=386&comname=default&wmguid=75c72564-ffd9-426a-954b-8ac2df0903b7&recorderguid=97a21ab9-7219-4fe6-b661-a9e9e0824809,2019-08-28 11:11:52
安庆市本级,贝德泵阀,大观区十里包装印刷工业园,工业用地,通用设备制造业,1.123743,挂牌出让,50,357.0000,下限:1.00上限:1.50,2012年06月05日,https://www.landchina.com/default.aspx?tabid=386&comname=default&wmguid=75c72564-ffd9-426a-954b-8ac2df0903b7&recorderguid=4ddeaabf-4e66-42cf-a668-aa68db8400b3,2019-08-28 11:12:00
安庆市本级,丰磊门窗,大观区十里包装印刷工业园,工业用地,金属制品业,0.284091,挂牌出让,50,89.0000,下限:1.00上限:1.50,2012年06月05日,https://www.landchina.com/default.aspx?tabid=386&comname=default&wmguid=75c72564-ffd9-426a-954b-8ac2df0903b7&recorderguid=f10b8722-5eb4-4b6d-aed0-590da61803be,2019-08-28 11:12:10
安庆市本级,涛异钢管,大观区十里包装印刷工业园,工业用地,金属制品业,0.457731,挂牌出让,50,146.0000,下限:1.00上限:1.50,2012年06月05日,https://www.landchina.com/default.aspx?tabid=386&comname=default&wmguid=75c72564-ffd9-426a-954b-8ac2df0903b7&recorderguid=a40a5e8b-0af1-4148-893d-d18bdb55a180,2019-08-28 11:12:28
安庆市本级,居住,大桥开发区C-9地块内,其他普通商品住房用地,房地产业,13.260481,挂牌出让,70,19773.0000,下限:1.00上限:2.50,2012年05月16日,https://www.landchina.com/default.aspx?tabid=386&comname=default&wmguid=75c72564-ffd9-426a-954b-8ac2df0903b7&recorderguid=234e9830-6aad-4c1c-b92f-848c71dbc5da,2019-08-28 11:12:42
安庆市本级,商业,大桥开发区芭茅路两侧,商务金融用地,房地产业,10.291787,挂牌出让,40,20757.0000,下限:0.00上限:1.80,2012年05月16日,https://www.landchina.com/default.aspx?tabid=386&comname=default&wmguid=75c72564-ffd9-426a-954b-8ac2df0903b7&recorderguid=e0330238-7fbe-46fd-90d6-6a0e6749675b,2019-08-28 11:12:58
安庆市本级,商住,湖心中路与市府路交叉口的西北角,商务金融用地,商务服务业,2.519460,拍卖出让,40,28126.4704,下限:0.00上限:4.40,2012年05月04日,https://www.landchina.com/default.aspx?tabid=386&comname=default&wmguid=75c72564-ffd9-426a-954b-8ac2df0903b7&recorderguid=ba70407a-4a77-401c-9dcb-e02dcee29352,2019-08-28 11:13:10
安庆市本级,安徽宝达电梯有限公司,市开发区新城东区,工业用地,专用设备制造业,4.004142,挂牌出让,50,1115.0000,下限:0.80上限:2.00,2012年04月26日,https://www.landchina.com/default.aspx?tabid=386&comname=default&wmguid=75c72564-ffd9-426a-954b-8ac2df0903b7&recorderguid=b26e7b00-061b-4baf-ac9e-c3240123b75a,2019-08-28 11:13:17
安庆市本级,居住,宜秀区北部新城B-14-a地块,其他普通商品住房用地,房地产业,3.300500,挂牌出让,70,3424.9000,下限:1.00上限:2.00,2012年03月28日,https://www.landchina.com/default.aspx?tabid=386&comname=default&wmguid=75c72564-ffd9-426a-954b-8ac2df0903b7&recorderguid=9250bd63-2498-4f4d-8884-daba2c19c60b,2019-08-28 11:13:28
安庆市本级,高档色织面料生产线项目,安庆市临港经济开发区内B-2-3-1,工业用地,棉、化纤纺织及印染精加工,11.855136,挂牌出让,50,3532.8300,下限:0.70上限:1.50,2012年03月22日,https://www.landchina.com/default.aspx?tabid=386&comname=default&wmguid=75c72564-ffd9-426a-954b-8ac2df0903b7&recorderguid=e043fc14-b9b7-4c85-8a40-102fad264840,2019-08-28 11:13:45
安庆市本级,高新技术中小企业孵化中心,市开发区,工业用地,通用设备制造业,8.626800,挂牌出让,50,2504.0000,下限:1.00上限:,2012年03月12日,https://www.landchina.com/default.aspx?tabid=386&comname=default&wmguid=75c72564-ffd9-426a-954b-8ac2df0903b7&recorderguid=6cca3c1d-61ae-4347-8f02-11f77381e634,2019-08-28 11:14:00
安庆市本级,莲山花陵园,安庆市罗岭镇林春村莲花山,殡葬用地,社会福利业,0.646900,挂牌出让,50,138.0000,下限:上限:0.05,2012年03月05日,https://www.landchina.com/default.aspx?tabid=386&comname=default&wmguid=75c72564-ffd9-426a-954b-8ac2df0903b7&recorderguid=1a4aa4e4-9bae-4a94-85ff-56ec364c579e,2019-08-28 11:14:15
安庆市本级,莲山花陵园,安庆市罗岭镇林春村莲花山,殡葬用地,社会福利业,2.718600,挂牌出让,50,579.0000,下限:上限:0.05,2012年03月05日,https://www.landchina.com/default.aspx?tabid=386&comname=default&wmguid=75c72564-ffd9-426a-954b-8ac2df0903b7&recorderguid=8794e8a5-373c-47f7-9ee5-3a0fefe83ed1,2019-08-28 11:14:29
安庆市本级,莲山花陵园,安庆市罗岭镇林春村莲花山,殡葬用地,社会福利业,2.199400,挂牌出让,50,469.0000,下限:上限:0.05,2012年03月05日,https://www.landchina.com/default.aspx?tabid=386&comname=default&wmguid=75c72564-ffd9-426a-954b-8ac2df0903b7&recorderguid=2587fa8e-cee2-4f72-a71d-6468e02f47ea,2019-08-28 11:14:49
安庆市本级,莲山花陵园,安庆市罗岭镇林春村莲花山,殡葬用地,社会福利业,5.579526,挂牌出让,50,1188.0000,下限:上限:0.05,2012年03月05日,https://www.landchina.com/default.aspx?tabid=386&comname=default&wmguid=75c72564-ffd9-426a-954b-8ac2df0903b7&recorderguid=1b182c6d-2441-4a28-bdf9-c75aa46243de,2019-08-28 11:15:03
安庆市本级,商业,市开发区,其他商服用地,商务服务业,1.805500,挂牌出让,40,4530.0000,下限:1.00上限:2.20,2012年02月29日,https://www.landchina.com/default.aspx?tabid=386&comname=default&wmguid=75c72564-ffd9-426a-954b-8ac2df0903b7&recorderguid=dc3cd354-f076-4c9c-b487-5d7584ed2b00,2019-08-28 11:15:16
安庆市本级,住宅,市开发区老峰镇,其他普通商品住房用地,房地产业,2.916000,挂牌出让,70,6012.0000,下限:1.00上限:3.50,2012年02月29日,https://www.landchina.com/default.aspx?tabid=386&comname=default&wmguid=75c72564-ffd9-426a-954b-8ac2df0903b7&recorderguid=17af3c53-b2e9-48e7-b882-df003e86416d,2019-08-28 11:15:53
安庆市本级,住宅,市开发区老峰镇,其他普通商品住房用地,房地产业,6.097700,挂牌出让,70,12559.0000,下限:1.00上限:3.50,2012年02月29日,https://www.landchina.com/default.aspx?tabid=386&comname=default&wmguid=75c72564-ffd9-426a-954b-8ac2df0903b7&recorderguid=4483b5c5-7195-4b28-add1-3eb6de28ab87,2019-08-28 11:16:19
安庆市本级,住宅,市开发区老峰镇,其他普通商品住房用地,房地产业,6.025687,挂牌出让,70,12411.0000,下限:1.00上限:3.50,2012年02月29日,https://www.landchina.com/default.aspx?tabid=386&comname=default&wmguid=75c72564-ffd9-426a-954b-8ac2df0903b7&recorderguid=53744611-e93b-487f-9c08-51db24658585,2019-08-28 11:16:51
安庆市本级,住宅,市开发区老峰镇,其他普通商品住房用地,房地产业,1.102800,挂牌出让,70,2342.0000,下限:1.00上限:3.50,2012年02月29日,https://www.landchina.com/default.aspx?tabid=386&comname=default&wmguid=75c72564-ffd9-426a-954b-8ac2df0903b7&recorderguid=0f0158ea-05ec-4a65-9138-aabb77e1ef15,2019-08-28 11:17:18
安庆市本级,住宅,市开发区老峰镇,其他普通商品住房用地,房地产业,1.646100,挂牌出让,70,3490.0000,下限:1.00上限:3.50,2012年02月29日,https://www.landchina.com/default.aspx?tabid=386&comname=default&wmguid=75c72564-ffd9-426a-954b-8ac2df0903b7&recorderguid=06ba9a9a-4cde-4faf-ac20-4ea431d47711,2019-08-28 11:17:44
安庆市本级,住宅,市开发区,其他普通商品住房用地,房地产业,1.390100,挂牌出让,70,2974.0000,下限:1.00上限:1.80,2012年02月29日,https://www.landchina.com/default.aspx?tabid=386&comname=default&wmguid=75c72564-ffd9-426a-954b-8ac2df0903b7&recorderguid=fc36b096-cd4d-479a-813c-25a582f156ef,2019-08-28 11:18:15
安庆市本级,住宅,市开发区,其他普通商品住房用地,房地产业,1.361500,挂牌出让,70,2913.0000,下限:1.00上限:1.80,2012年02月29日,https://www.landchina.com/default.aspx?tabid=386&comname=default&wmguid=75c72564-ffd9-426a-954b-8ac2df0903b7&recorderguid=8559b46c-0a2c-473f-8fdd-a9bbcaacb94b,2019-08-28 11:18:38
安庆市本级,工业,安庆大桥开发区B-2地块西片,工业用地,纺织服装、鞋、帽制造业,16.839705,挂牌出让,50,5263.9900,下限:1.00上限:1.50,2012年02月28日,https://www.landchina.com/default.aspx?tabid=386&comname=default&wmguid=75c72564-ffd9-426a-954b-8ac2df0903b7&recorderguid=6c43c71f-12a7-41ae-9b96-60d4eaee368c,2019-08-28 11:19:08
安庆市本级,工业,安庆大桥开发区B-2地块东片,工业用地,纺织服装、鞋、帽制造业,16.839663,挂牌出让,50,5263.9700,下限:1.00上限:1.50,2012年02月28日,https://www.landchina.com/default.aspx?tabid=386&comname=default&wmguid=75c72564-ffd9-426a-954b-8ac2df0903b7&recorderguid=97cd1e33-0fe5-4dc7-a1be-272917085577,2019-08-28 11:19:40
安庆市本级,年产10000套数控机床导轨伸缩防尘罩生产项目,安庆市临港经济开发区内B-1-3-2,工业用地,专用设备制造业,1.665400,挂牌出让,0,496.2800,下限:0.70上限:1.50,2012年02月28日,https://www.landchina.com/default.aspx?tabid=386&comname=default&wmguid=75c72564-ffd9-426a-954b-8ac2df0903b7&recorderguid=1a90e9df-6a3f-4521-b742-6820564acac7,2019-08-28 11:20:09
安庆市本级,液化气深加工,市化学工业园凤凰片区,工业用地,化学原料及化学制品制造业,11.451100,挂牌出让,50,3424.0000,下限:1.00上限:1.50,2012年02月23日,https://www.landchina.com/default.aspx?tabid=386&comname=default&wmguid=75c72564-ffd9-426a-954b-8ac2df0903b7&recorderguid=87ee4b8a-648f-4d18-ac39-aa20225e2eca,2019-08-28 11:20:30
安庆市本级,液化气深加工,市化学工业园凤凰片区,工业用地,化学原料及化学制品制造业,6.395300,挂牌出让,50,1913.0000,下限:1.00上限:1.50,2012年02月23日,https://www.landchina.com/default.aspx?tabid=386&comname=default&wmguid=75c72564-ffd9-426a-954b-8ac2df0903b7&recorderguid=b52a2971-0aeb-4765-808f-56b0f65313c1,2019-08-28 11:20:46
安庆市本级,安庆巨元高分子材料科技有限公司,,工业用地,塑料制品业,2.062200,挂牌出让,50,603.0000,下限:0.70上限:,2011年12月31日,https://www.landchina.com/default.aspx?tabid=386&comname=default&wmguid=75c72564-ffd9-426a-954b-8ac2df0903b7&recorderguid=40743806-622e-4872-9a57-c20eadad48ed,2019-08-28 11:21:04
安庆市本级,海康药业,大观经济开发区循环经济产业园,工业用地,医药制造业,2.800370,挂牌出让,50,824.0000,下限:0.70上限:0.75,2011年12月31日,https://www.landchina.com/default.aspx?tabid=386&comname=default&wmguid=75c72564-ffd9-426a-954b-8ac2df0903b7&recorderguid=75e775e8-bdb1-4056-a9e0-272a3d67a2bc,2019-08-28 11:21:28
安庆市本级,工业,安庆大桥开发区B-9地块北片,工业用地,仪器仪表及文化、办公用机械制造业,8.058800,挂牌出让,50,2514.3600,下限:1.00上限:1.20,2011年12月13日,https://www.landchina.com/default.aspx?tabid=386&comname=default&wmguid=75c72564-ffd9-426a-954b-8ac2df0903b7&recorderguid=9702b0ca-8ecf-43e6-b0b2-ce0c9a995207,2019-08-28 11:22:08
安庆市本级,联动属具,市开发区新城东区,工业用地,通用设备制造业,6.334100,挂牌出让,50,1812.0000,下限:0.80上限:,2011年12月01日,https://www.landchina.com/default.aspx?tabid=386&comname=default&wmguid=75c72564-ffd9-426a-954b-8ac2df0903b7&recorderguid=f47c8140-15b1-4f32-abf0-b9f38154c6ca,2019-08-28 11:22:42
安庆市本级,中美海康,市开发区3.9工业园,工业用地,通用设备制造业,0.615300,挂牌出让,50,196.0000,下限:0.80上限:1.50,2011年11月07日,https://www.landchina.com/default.aspx?tabid=386&comname=default&wmguid=75c72564-ffd9-426a-954b-8ac2df0903b7&recorderguid=97baa21e-7d90-47bb-9bb4-3dbcff591da5,2019-08-28 11:23:29
安庆市本级,工业,安庆大桥开发区A-10地块东片,工业用地,饮料制造业,13.671700,挂牌出让,50,4470.6400,下限:0.80上限:1.20,2011年10月20日,https://www.landchina.com/default.aspx?tabid=386&comname=default&wmguid=75c72564-ffd9-426a-954b-8ac2df0903b7&recorderguid=8b62fc0a-d002-4110-9233-5e2b7b07b0c7,2019-08-28 11:23:54
安庆市本级,长虹化工,大观区环城西路以西,工业用地,化学原料及化学制品制造业,2.960100,挂牌出让,50,871.0000,下限:0.60上限:1.00,2011年10月19日,https://www.landchina.com/default.aspx?tabid=386&comname=default&wmguid=75c72564-ffd9-426a-954b-8ac2df0903b7&recorderguid=c5c1d20c-8143-494d-85f0-14e3da52c6fb,2019-08-28 11:24:10
安庆市本级,索隆新材料,大观经济开发区,工业用地,塑料制品业,2.021400,挂牌出让,50,595.0000,下限:0.70上限:1.00,2011年10月11日,https://www.landchina.com/default.aspx?tabid=386&comname=default&wmguid=75c72564-ffd9-426a-954b-8ac2df0903b7&recorderguid=0ecb8a84-584b-4a30-9492-d237a76e95a0,2019-08-28 11:24:28
安庆市本级,商业,大观新城皇冠路南侧,其他商服用地,商务服务业,0.529500,挂牌出让,40,1019.0000,下限:0.00上限:2.20,2011年10月05日,https://www.landchina.com/default.aspx?tabid=386&comname=default&wmguid=75c72564-ffd9-426a-954b-8ac2df0903b7&recorderguid=bcd5a4da-ee4a-42f4-8193-e7832e2e21fc,2019-08-28 11:24:53
安庆市本级,平宝机械厂,大观区十里包装印刷工业园,工业用地,通用设备制造业,0.549000,挂牌出让,50,164.0000,下限:1.20上限:1.50,2011年09月30日,https://www.landchina.com/default.aspx?tabid=386&comname=default&wmguid=75c72564-ffd9-426a-954b-8ac2df0903b7&recorderguid=96702e9e-af3f-4722-95f1-cc48bc5ded15,2019-08-28 11:25:10
安庆市本级,远锦经贸,大观区石化铁路线以北,工业用地,租赁业,1.760069,挂牌出让,50,518.0000,下限:0.70上限:1.30,2011年09月30日,https://www.landchina.com/default.aspx?tabid=386&comname=default&wmguid=75c72564-ffd9-426a-954b-8ac2df0903b7&recorderguid=dc6d577f-4924-4488-9d3b-9e82fa8e28ec,2019-08-28 11:25:42
安庆市本级,美华服饰,安庆市大观区海口镇,工业用地,纺织服装、鞋、帽制造业,0.618600,挂牌出让,50,110.0000,下限:0.80上限:1.20,2011年09月29日,https://www.landchina.com/default.aspx?tabid=386&comname=default&wmguid=75c72564-ffd9-426a-954b-8ac2df0903b7&recorderguid=608e469e-3e16-4c0d-b6c3-bd8dc3cba6c5,2019-08-28 11:26:04
安庆市本级,伟成房地产,大观新城皇冠路的南侧,其他商服用地,商务服务业,0.391857,挂牌出让,40,888.0000,下限:0.00上限:3.00,2011年09月27日,https://www.landchina.com/default.aspx?tabid=386&comname=default&wmguid=75c72564-ffd9-426a-954b-8ac2df0903b7&recorderguid=8b94c5b6-2600-4571-91b1-e6de3dac937c,2019-08-28 11:26:52
安庆市本级,宝马汽车4S店,大观新城丁香路以北,其他商服用地,商务服务业,1.208012,拍卖出让,40,1459.0000,下限:0.40上限:0.80,2011年09月23日,https://www.landchina.com/default.aspx?tabid=386&comname=default&wmguid=75c72564-ffd9-426a-954b-8ac2df0903b7&recorderguid=c0070114-951a-468f-bd22-dd6961a4d14d,2019-08-28 11:27:55
安庆市本级,安徽同发设备股份有限公司,市开发区新城东区,工业用地,金属制品业,5.805200,挂牌出让,50,1710.0000,下限:1.00上限:0.00,2011年09月20日,https://www.landchina.com/default.aspx?tabid=386&comname=default&wmguid=75c72564-ffd9-426a-954b-8ac2df0903b7&recorderguid=5ff6a51b-5def-4473-87bb-4538d55ea1ef,2019-08-28 11:28:57
安庆市本级,安庆旭东工贸有限责任公司,市开发区新城东区,工业用地,金属制品业,3.997900,挂牌出让,50,1178.0000,下限:1.00上限:0.00,2011年09月20日,https://www.landchina.com/default.aspx?tabid=386&comname=default&wmguid=75c72564-ffd9-426a-954b-8ac2df0903b7&recorderguid=817bdfb1-7500-4a09-a8f3-1db14821e9e6,2019-08-28 11:30:47
安庆市本级,东部新城商务区三期,皖江大道南侧,其他普通商品住房用地,房地产业,10.886248,挂牌出让,70,19695.0000,下限:1.00上限:2.80,2011年09月03日,https://www.landchina.com/default.aspx?tabid=386&comname=default&wmguid=75c72564-ffd9-426a-954b-8ac2df0903b7&recorderguid=dd26b57d-92dd-48cb-bdb5-7505eaf8805d,2019-08-28 11:32:33
安庆市本级,工业用地,安庆市大桥经济开发区A-5地块,工业用地,棉、化纤纺织及印染精加工,5.978500,挂牌出让,50,1954.9700,下限:1.00上限:1.50,2011年08月22日,https://www.landchina.com/default.aspx?tabid=386&comname=default&wmguid=75c72564-ffd9-426a-954b-8ac2df0903b7&recorderguid=d0112303-4207-4967-b115-96df07e4056c,2019-08-28 11:33:15
安庆市本级,恒大绿洲2,皖江大道南侧独秀大道东侧,其他普通商品住房用地,房地产业,12.259949,拍卖出让,70,36980.0000,下限:0.00上限:3.00,2011年08月10日,https://www.landchina.com/default.aspx?tabid=386&comname=default&wmguid=75c72564-ffd9-426a-954b-8ac2df0903b7&recorderguid=d79c2416-39b8-41c8-8ed6-86cfcfa96f67,2019-08-28 11:34:25
安庆市本级,粮食局,安庆市大观区石化铁路线南侧,仓储用地,仓储业,12.658620,挂牌出让,50,3697.0000,下限:0.40上限:1.00,2011年07月28日,https://www.landchina.com/default.aspx?tabid=386&comname=default&wmguid=75c72564-ffd9-426a-954b-8ac2df0903b7&recorderguid=f454ef2b-eb26-4d83-aea8-90fde97139d8,2019-08-28 11:35:03
安庆市本级,华茂中辰,纺织西路和宜园路北侧,其他普通商品住房用地,房地产业,13.663998,挂牌出让,商务金融用地40年;其他普通商品住房用地70,72666.0000,下限:2.70上限:4.10,2011年07月04日,https://www.landchina.com/default.aspx?tabid=386&comname=default&wmguid=75c72564-ffd9-426a-954b-8ac2df0903b7&recorderguid=ab27f336-2861-4b0b-9818-170d553a1bd6,2019-08-28 11:35:40
安庆市本级,东部新城商务区三期项目,安庆市迎江区皖江大道南侧,其他普通商品住房用地,房地产业,12.082209,拍卖出让,70,21820.0000,下限:1.00上限:2.80,2011年06月25日,https://www.landchina.com/default.aspx?tabid=386&comname=default&wmguid=75c72564-ffd9-426a-954b-8ac2df0903b7&recorderguid=9ca03fdc-ed66-42e8-a5be-9f85654e98b3,2019-08-28 11:36:16
安庆市本级,东部新城商务区三期项目,安庆市迎江区皖江大道南侧,其他普通商品住房用地,房地产业,9.917936,拍卖出让,70,17920.0000,下限:1.00上限:2.80,2011年06月25日,https://www.landchina.com/default.aspx?tabid=386&comname=default&wmguid=75c72564-ffd9-426a-954b-8ac2df0903b7&recorderguid=0cff5a6b-a259-4ab8-abda-728a7d9b8a7f,2019-08-28 11:36:54
安庆市本级,精密机械加工,安庆市迎江工业园A-2-2-3,工业用地,专用设备制造业,1.257500,挂牌出让,50,367.1900,下限:0.70上限:1.50,2011年04月22日,https://www.landchina.com/default.aspx?tabid=386&comname=default&wmguid=75c72564-ffd9-426a-954b-8ac2df0903b7&recorderguid=3c823815-32a8-48bf-83ea-fd03ff882c15,2019-08-28 11:37:45
安庆市本级,年产60万张新型强化门板生产线,安庆市迎江工业园A-2-2-2,工业用地,木材加工及木、竹、藤、棕、草制品业,1.878700,挂牌出让,50,548.9800,下限:0.80上限:1.50,2011年04月22日,https://www.landchina.com/default.aspx?tabid=386&comname=default&wmguid=75c72564-ffd9-426a-954b-8ac2df0903b7&recorderguid=948af66d-a543-41e0-ab22-935c7b6b9d38,2019-08-28 11:38:25
安庆市本级,年产700台活塞环专机生产线,安庆市迎江工业园A-2-1-2,工业用地,专用设备制造业,3.269100,挂牌出让,50,954.5700,下限:0.70上限:1.50,2011年04月15日,https://www.landchina.com/default.aspx?tabid=386&comname=default&wmguid=75c72564-ffd9-426a-954b-8ac2df0903b7&recorderguid=b5330cba-877a-44bc-ae22-f27c46f9aad4,2019-08-28 11:39:32
安庆市本级,年产70台套环保设备生产线,安庆市迎江工业园B-1-1-2,工业用地,专用设备制造业,4.666700,挂牌出让,50,1362.4000,下限:0.70上限:1.50,2011年04月13日,https://www.landchina.com/default.aspx?tabid=386&comname=default&wmguid=75c72564-ffd9-426a-954b-8ac2df0903b7&recorderguid=ac338291-2d20-41c8-b74b-bcb5aa20c212,2019-08-28 11:40:45
安庆市本级,帕沃尔气门,市开发区3.9工业园,工业用地,专用设备制造业,1.999400,挂牌出让,50,608.0000,下限:0.80上限:1.20,2011年04月01日,https://www.landchina.com/default.aspx?tabid=386&comname=default&wmguid=75c72564-ffd9-426a-954b-8ac2df0903b7&recorderguid=8314abc9-7dcf-4fdf-8c77-ea31cc32a465,2019-08-28 11:41:53
安庆市本级,泰隆化工设备,大观区环城西路以西,工业用地,金属制品业,2.571000,挂牌出让,50,756.0000,下限:0.70上限:1.00,2011年04月01日,https://www.landchina.com/default.aspx?tabid=386&comname=default&wmguid=75c72564-ffd9-426a-954b-8ac2df0903b7&recorderguid=2eb1e15e-01e1-424e-b9c7-21ad3155140e,2019-08-28 11:42:27
安庆市本级,房地产开发,大观区海口镇,其他普通商品住房用地,房地产业,0.847500,拍卖出让,70,370.0000,下限:1.50上限:1.69,2011年04月01日,https://www.landchina.com/default.aspx?tabid=386&comname=default&wmguid=75c72564-ffd9-426a-954b-8ac2df0903b7&recorderguid=e37abfb2-499f-41a3-89ec-88114dfac90b,2019-08-28 11:43:10
安庆市本级,工业,安庆市迎江工业园A-2-1-1,工业用地,纺织服装、鞋、帽制造业,3.333200,挂牌出让,50,974.0000,下限:0.70上限:1.50,2011年03月30日,https://www.landchina.com/default.aspx?tabid=386&comname=default&wmguid=75c72564-ffd9-426a-954b-8ac2df0903b7&recorderguid=263dd859-74c5-431d-ad60-5892f9df147e,2019-08-28 11:43:43
安庆市本级,商务金融用地,安庆市中心区北片,商务金融用地,其他金融服务,8.995000,挂牌出让,40,6072.0000,下限:0.00上限:3.50,2011年03月04日,https://www.landchina.com/default.aspx?tabid=386&comname=default&wmguid=75c72564-ffd9-426a-954b-8ac2df0903b7&recorderguid=77241eb3-b062-4ac8-856b-6452548790d1,2019-08-28 11:44:13
安庆市本级,商务金融用地,安庆市中心区北片,商务金融用地,其他金融服务,12.787400,挂牌出让,40,8632.0000,下限:0.00上限:3.50,2011年03月04日,https://www.landchina.com/default.aspx?tabid=386&comname=default&wmguid=75c72564-ffd9-426a-954b-8ac2df0903b7&recorderguid=89c68804-237b-420d-aba2-339eea33b4b0,2019-08-28 11:44:59
安庆市本级,商务金融用地,安庆市中心区北片,商务金融用地,其他金融服务,13.307600,挂牌出让,40,8983.0000,下限:0.00上限:3.50,2011年03月04日,https://www.landchina.com/default.aspx?tabid=386&comname=default&wmguid=75c72564-ffd9-426a-954b-8ac2df0903b7&recorderguid=0a7f839c-2e25-4a3a-ad36-d7454e8adff8,2019-08-28 11:45:31
安庆市本级,汽车4S店,市开发区丁香路北侧,其他商服用地,商务服务业,0.911600,拍卖出让,40,1915.0000,下限:0.40上限:0.80,2011年02月18日,https://www.landchina.com/default.aspx?tabid=386&comname=default&wmguid=75c72564-ffd9-426a-954b-8ac2df0903b7&recorderguid=3797ca0c-ddbc-47c2-999c-36eba73ddc32,2019-08-28 11:46:02
安庆市本级,汽车4S店,市开发区丁香路北侧,其他商服用地,商务服务业,0.640000,拍卖出让,40,1000.0000,下限:0.40上限:0.80,2011年02月18日,https://www.landchina.com/default.aspx?tabid=386&comname=default&wmguid=75c72564-ffd9-426a-954b-8ac2df0903b7&recorderguid=165c2e62-30ef-438d-a191-942395de49b6,2019-08-28 11:46:22
安庆市本级,针挑香酿造食品,大观区海口工业园,工业用地,食品制造业,0.488000,挂牌出让,50,87.0000,下限:0.80上限:,2011年02月18日,https://www.landchina.com/default.aspx?tabid=386&comname=default&wmguid=75c72564-ffd9-426a-954b-8ac2df0903b7&recorderguid=b483f79e-8d29-42e6-b9c0-60ab0ffd68d5,2019-08-28 11:46:48
安庆市本级,工业,安庆市迎江工业园B-1-3-1,工业用地,纺织服装、鞋、帽制造业,10.000200,挂牌出让,50,2915.0000,下限:0.70上限:1.50,2011年01月31日,https://www.landchina.com/default.aspx?tabid=386&comname=default&wmguid=75c72564-ffd9-426a-954b-8ac2df0903b7&recorderguid=30ae5e54-77d5-416b-8e3a-9ae195430fed,2019-08-28 11:47:08
安庆市本级,兴醇庆三合实业,大观区海口镇海口工业园工业园大道西侧,工业用地,纺织服装、鞋、帽制造业,1.340500,挂牌出让,50,237.0000,下限:0.80上限:,2011年01月30日,https://www.landchina.com/default.aspx?tabid=386&comname=default&wmguid=75c72564-ffd9-426a-954b-8ac2df0903b7&recorderguid=406c0657-4f34-4856-a0b2-8780b2a4e8b7,2019-08-28 11:47:28
安庆市本级,农资市场,集贤北路东侧、纬二西路北侧,批发零售用地,零售业,1.071400,拍卖出让,40,2005.0000,下限:0.00上限:1.80,2011年01月26日,https://www.landchina.com/default.aspx?tabid=386&comname=default&wmguid=75c72564-ffd9-426a-954b-8ac2df0903b7&recorderguid=ec572a1f-c7c3-4289-967a-64abfb4a0406,2019-08-28 11:47:55
安庆市本级,皖苏棉业,大观区海口镇海口工业园工业园大道西侧,工业用地,农副食品加工业,0.835700,挂牌出让,50,148.0000,下限:0.80上限:0.00,2011年01月20日,https://www.landchina.com/default.aspx?tabid=386&comname=default&wmguid=75c72564-ffd9-426a-954b-8ac2df0903b7&recorderguid=6145b104-bd1c-4b9f-8ee4-10282ac66250,2019-08-28 11:48:18
安庆市本级,石化,化工新材料产业集中区,工业用地,石油加工、炼焦及核燃料加工业,40.370900,挂牌出让,50,15838.5400,下限:1.00上限:1.50,2010年12月31日,https://www.landchina.com/default.aspx?tabid=386&comname=default&wmguid=75c72564-ffd9-426a-954b-8ac2df0903b7&recorderguid=13183b0c-8b60-4fc8-8090-4088296605ba,2019-08-28 11:48:48
安庆市本级,工业,安庆市宜秀区大桥开发区B-5地块,工业用地,木材加工及木、竹、藤、棕、草制品业,0.514200,挂牌出让,50,150.1500,下限:0.80上限:1.20,2010年12月29日,https://www.landchina.com/default.aspx?tabid=386&comname=default&wmguid=75c72564-ffd9-426a-954b-8ac2df0903b7&recorderguid=6a47946b-0173-4ca7-80b9-0fa1fde494fb,2019-08-28 11:49:14
安庆市本级,工业,安庆市宜秀区大桥开发区B-5地块,工业用地,道路运输业,2.659400,挂牌出让,50,776.5300,下限:0.70上限:1.20,2010年12月24日,https://www.landchina.com/default.aspx?tabid=386&comname=default&wmguid=75c72564-ffd9-426a-954b-8ac2df0903b7&recorderguid=5a763511-9c36-4893-83bf-ab7e669e1dcc,2019-08-28 11:49:50
安庆市本级,工业,安庆市迎江工业园B-1-1-1,工业用地,其它,5.157900,挂牌出让,50,1506.0000,下限:0.70上限:1.50,2010年12月22日,https://www.landchina.com/default.aspx?tabid=386&comname=default&wmguid=75c72564-ffd9-426a-954b-8ac2df0903b7&recorderguid=52e6a0cb-783f-444a-a87f-593414df2e63,2019-08-28 11:50:28
安庆市本级,工业,安庆市宜秀区大桥开发区内,工业用地,农业,3.405000,挂牌出让,50,718.0000,下限:1.00上限:1.50,2010年12月09日,https://www.landchina.com/default.aspx?tabid=386&comname=default&wmguid=75c72564-ffd9-426a-954b-8ac2df0903b7&recorderguid=60ca046a-5d90-43e2-aef1-c18714e7c2ab,2019-08-28 11:51:30
安庆市本级,工业,安庆市迎江工业园B-2-1-1,工业用地,专用设备制造业,2.428300,挂牌出让,50,706.0000,下限:0.70上限:1.50,2010年12月07日,https://www.landchina.com/default.aspx?tabid=386&comname=default&wmguid=75c72564-ffd9-426a-954b-8ac2df0903b7&recorderguid=a12065fc-7537-4baf-a16f-c20e98890625,2019-08-28 11:52:33
安庆市本级,工业,安庆市迎江工业园B-2-1-2,工业用地,化学原料及化学制品制造业,0.747600,挂牌出让,50,218.0000,下限:0.70上限:1.50,2010年12月07日,https://www.landchina.com/default.aspx?tabid=386&comname=default&wmguid=75c72564-ffd9-426a-954b-8ac2df0903b7&recorderguid=f8393504-321b-4487-b8a2-edf5d5d6357e,2019-08-28 11:53:31
安庆市本级,佳乐机械,市开发区罗冲片,工业用地,专用设备制造业,3.333800,挂牌出让,50,974.0000,下限:1.00上限:1.20,2010年11月30日,https://www.landchina.com/default.aspx?tabid=386&comname=default&wmguid=75c72564-ffd9-426a-954b-8ac2df0903b7&recorderguid=462ed5ce-ddb0-4f12-a092-1a20f433798d,2019-08-28 11:54:36
安庆市本级,电缆制造,市开发区罗冲片区南环路北侧,工业用地,通用设备制造业,2.000200,挂牌出让,50,585.0000,下限:1.00上限:102.00,2010年11月30日,https://www.landchina.com/default.aspx?tabid=386&comname=default&wmguid=75c72564-ffd9-426a-954b-8ac2df0903b7&recorderguid=412eb6c7-ca5a-4b49-a672-45b0622842de,2019-08-28 11:55:44
安庆市本级,工业,安庆市迎江工业园B-2-1-3,工业用地,专用设备制造业,2.000100,挂牌出让,50,584.0000,下限:0.70上限:1.50,2010年11月23日,https://www.landchina.com/default.aspx?tabid=386&comname=default&wmguid=75c72564-ffd9-426a-954b-8ac2df0903b7&recorderguid=51552530-d244-4750-8210-4c1a31759917,2019-08-28 11:56:55
安庆市本级,华鑫机械,市开发区罗冲片区,工业用地,专用设备制造业,2.000200,挂牌出让,50,585.0000,下限:1.00上限:1.20,2010年11月23日,https://www.landchina.com/default.aspx?tabid=386&comname=default&wmguid=75c72564-ffd9-426a-954b-8ac2df0903b7&recorderguid=7fd180f3-c366-4bb1-95ad-7f29aee1271a,2019-08-28 11:58:07
安庆市本级,工业,安庆大桥开发区,工业用地,汽车制造,0.879800,挂牌出让,50,264.8300,下限:1.00上限:1.90,2010年11月11日,https://www.landchina.com/default.aspx?tabid=386&comname=default&wmguid=75c72564-ffd9-426a-954b-8ac2df0903b7&recorderguid=0178d2f8-b34f-44cd-a724-81eba260c8ae,2019-08-28 11:59:02
安庆市本级,商住,安庆长江大桥综合经济开发区内,中低价位、中小套型普通商品住房用地,房地产业,7.491700,拍卖出让,70,9258.0000,下限:0.00上限:1.74,2010年11月02日,https://www.landchina.com/default.aspx?tabid=386&comname=default&wmguid=75c72564-ffd9-426a-954b-8ac2df0903b7&recorderguid=d00ecaca-7e26-4461-9d00-adfcfd9fe5d4,2019-08-28 11:59:52
安庆市本级,商住用地,皖江大道以南、林语棠小区以北,中低价位、中小套型普通商品住房用地,房地产业,0.309200,拍卖出让,0,860.0000,下限:0.00上限:0.98,2010年10月15日,https://www.landchina.com/default.aspx?tabid=386&comname=default&wmguid=75c72564-ffd9-426a-954b-8ac2df0903b7&recorderguid=d5d5bc15-722c-4701-86a6-9d359bddb917,2019-08-28 12:01:31
安庆市本级,工业,市开发区罗冲片区,工业用地,汽车制造,1.263300,挂牌出让,50,369.0000,下限:1.00上限:1.50,2010年09月28日,https://www.landchina.com/default.aspx?tabid=386&comname=default&wmguid=75c72564-ffd9-426a-954b-8ac2df0903b7&recorderguid=48078246-3413-476c-a856-8c1fa7f64e02,2019-08-28 12:02:16
安庆市本级,商业,龙眠山路与菱湖北路交叉口的西南角,批发零售用地,零售业,6.751400,拍卖出让,40,12140.0000,下限:0.00上限:1.50,2010年09月25日,https://www.landchina.com/default.aspx?tabid=386&comname=default&wmguid=75c72564-ffd9-426a-954b-8ac2df0903b7&recorderguid=42d32b36-4874-4a11-bb1a-8babfe59a5b9,2019-08-28 12:02:51
安庆市本级,商业,龙眠山路与菱湖北路交叉口的西南角,批发零售用地,零售业,1.924500,拍卖出让,40,3460.0000,下限:0.00上限:0.70,2010年09月25日,https://www.landchina.com/default.aspx?tabid=386&comname=default&wmguid=75c72564-ffd9-426a-954b-8ac2df0903b7&recorderguid=4d5fb963-bb51-408c-a1e2-f286394628e5,2019-08-28 12:03:16
安庆市本级,科教用地（教练场）,安庆市宜秀区十里乡红光村内,科教用地,教育业,4.785000,挂牌出让,50,1780.0200,下限:0.01上限:0.00,2010年09月20日,https://www.landchina.com/default.aspx?tabid=386&comname=default&wmguid=75c72564-ffd9-426a-954b-8ac2df0903b7&recorderguid=835befaa-1660-4d06-902a-d925a78a8a52,2019-08-28 12:03:51
安庆市本级,工业,大观区环城西路以西,工业用地,其它,0.667500,挂牌出让,50,159.0000,下限:0.60上限:,2010年09月16日,https://www.landchina.com/default.aspx?tabid=386&comname=default&wmguid=75c72564-ffd9-426a-954b-8ac2df0903b7&recorderguid=a86f3a1d-641a-4b47-803e-5702e205f1c7,2019-08-28 12:04:07
安庆市本级,石化,黄土坑西路西北侧,工业用地,石油加工、炼焦及核燃料加工业,2.336700,挂牌出让,50,670.0000,下限:0.60上限:0.00,2010年08月28日,https://www.landchina.com/default.aspx?tabid=386&comname=default&wmguid=75c72564-ffd9-426a-954b-8ac2df0903b7&recorderguid=1d7ea4b6-11cb-4975-a231-184eb08ba7ea,2019-08-28 12:04:21
安庆市本级,安庆石化,黄土坑西路西北侧,工业用地,石油加工、炼焦及核燃料加工业,8.472300,挂牌出让,50,2427.0000,下限:0.60上限:,2010年08月28日,https://www.landchina.com/default.aspx?tabid=386&comname=default&wmguid=75c72564-ffd9-426a-954b-8ac2df0903b7&recorderguid=29efb9ca-7b19-4cf6-a79e-e64854b2e589,2019-08-28 12:04:39
安庆市本级,安庆石化,黄土坑西路西北侧,工业用地,石油加工、炼焦及核燃料加工业,0.310000,挂牌出让,50,89.0000,下限:0.60上限:,2010年08月28日,https://www.landchina.com/default.aspx?tabid=386&comname=default&wmguid=75c72564-ffd9-426a-954b-8ac2df0903b7&recorderguid=5d779bb2-9717-49e7-88ef-6a17e8491685,2019-08-28 12:05:05
安庆市本级,安庆石化,黄土坑西路西北侧,工业用地,石油加工、炼焦及核燃料加工业,0.367300,挂牌出让,50,105.0000,下限:0.60上限:,2010年08月28日,https://www.landchina.com/default.aspx?tabid=386&comname=default&wmguid=75c72564-ffd9-426a-954b-8ac2df0903b7&recorderguid=818dc511-4fd6-4fa2-92ad-5e7400f265c1,2019-08-28 12:05:18
安庆市本级,安庆石化,黄土坑西路西北侧,工业用地,石油加工、炼焦及核燃料加工业,0.803500,挂牌出让,50,230.0000,下限:0.60上限:,2010年08月28日,https://www.landchina.com/default.aspx?tabid=386&comname=default&wmguid=75c72564-ffd9-426a-954b-8ac2df0903b7&recorderguid=9b674573-4071-47a4-8975-4a9022b3e760,2019-08-28 12:05:54
安庆市本级,石化,黄土坑西路西北侧,工业用地,石油加工、炼焦及核燃料加工业,30.967823,挂牌出让,50,8873.0000,下限:0.60上限:1.00,2010年08月20日,https://www.landchina.com/default.aspx?tabid=386&comname=default&wmguid=75c72564-ffd9-426a-954b-8ac2df0903b7&recorderguid=b868c5ed-08e4-40a1-a7ac-0b6090709c76,2019-08-28 12:06:32
安庆市本级,石化,黄土坑西路西北侧,工业用地,石油加工、炼焦及核燃料加工业,9.403000,挂牌出让,50,2694.0000,下限:0.60上限:1.00,2010年08月20日,https://www.landchina.com/default.aspx?tabid=386&comname=default&wmguid=75c72564-ffd9-426a-954b-8ac2df0903b7&recorderguid=575d6044-4190-4f7a-aa01-5b9bd4601070,2019-08-28 12:07:11
安庆市本级,石化,黄土坑西路西北侧,工业用地,石油加工、炼焦及核燃料加工业,0.343852,挂牌出让,50,99.0000,下限:0.60上限:1.00,2010年08月20日,https://www.landchina.com/default.aspx?tabid=386&comname=default&wmguid=75c72564-ffd9-426a-954b-8ac2df0903b7&recorderguid=aea66426-f834-4a9c-9148-b601233eddf8,2019-08-28 12:07:29
安庆市本级,石化,黄土坑西路西北侧,工业用地,石油加工、炼焦及核燃料加工业,4.251800,挂牌出让,50,1218.0000,下限:0.00上限:0.60,2010年08月20日,https://www.landchina.com/default.aspx?tabid=386&comname=default&wmguid=75c72564-ffd9-426a-954b-8ac2df0903b7&recorderguid=317d8a20-b104-4159-8c51-c3e59a99bd1b,2019-08-28 12:07:52
安庆市本级,商住用地,安庆市北部新城起步区,中低价位、中小套型普通商品住房用地,房地产业,8.349100,挂牌出让,商务金融用地40年;中低价位、中小套型普通商品住房用地70,11350.0000,下限:0.00上限:2.50,2010年08月12日,https://www.landchina.com/default.aspx?tabid=386&comname=default&wmguid=75c72564-ffd9-426a-954b-8ac2df0903b7&recorderguid=5ca4f729-f966-4210-9b95-df2caef95660,2019-08-28 12:08:11
安庆市本级,商住用地,安庆市北部新城起步区,中低价位、中小套型普通商品住房用地,房地产业,12.029600,挂牌出让,中低价位、中小套型普通商品住房用地70年;其他商服用地40,15720.0000,下限:1.00上限:2.20,2010年08月12日,https://www.landchina.com/default.aspx?tabid=386&comname=default&wmguid=75c72564-ffd9-426a-954b-8ac2df0903b7&recorderguid=ec4818ec-701f-4aed-b18d-b31e57b031ed,2019-08-28 12:08:43
安庆市本级,商住用地,安庆市北部新城起步区,中低价位、中小套型普通商品住房用地,房地产业,5.120100,挂牌出让,70,6430.0000,下限:0.00上限:2.20,2010年08月12日,https://www.landchina.com/default.aspx?tabid=386&comname=default&wmguid=75c72564-ffd9-426a-954b-8ac2df0903b7&recorderguid=336da8d4-f809-428e-9533-b01ad7790275,2019-08-28 12:08:59
安庆市本级,商住用地,安庆市北部新城起步区,中低价位、中小套型普通商品住房用地,房地产业,8.714000,拍卖出让,商务金融用地40年;中低价位、中小套型普通商品住房用地70,13180.0000,下限:0.00上限:2.20,2010年08月02日,https://www.landchina.com/default.aspx?tabid=386&comname=default&wmguid=75c72564-ffd9-426a-954b-8ac2df0903b7&recorderguid=04887538-a15c-4011-8b1a-9f7137957c0e,2019-08-28 12:09:17
安庆市本级,和顺晶彩,安庆市大观区循环经济产业园,工业用地,化学原料及化学制品制造业,4.144100,挂牌出让,0,1211.0000,下限:0.62上限:,2010年07月28日,https://www.landchina.com/default.aspx?tabid=386&comname=default&wmguid=75c72564-ffd9-426a-954b-8ac2df0903b7&recorderguid=ea358f77-9222-416b-9146-47092bc06029,2019-08-28 12:09:48
安庆市本级,永达门窗,集贤北路与规划中的勇进路的西北侧,工业用地,建筑装饰业,0.309100,挂牌出让,0,79.0000,下限:0.70上限:1.30,2010年07月27日,https://www.landchina.com/default.aspx?tabid=386&comname=default&wmguid=75c72564-ffd9-426a-954b-8ac2df0903b7&recorderguid=4dc53202-c307-4814-b602-6e5188a83f13,2019-08-28 12:09:58
安庆市本级,公共设施用地,安庆市大桥开发区境内,公共设施用地,其它,8.335200,挂牌出让,50,2510.0000,下限:0.00上限:2.20,2010年07月27日,https://www.landchina.com/default.aspx?tabid=386&comname=default&wmguid=75c72564-ffd9-426a-954b-8ac2df0903b7&recorderguid=ba857981-981e-4867-b544-7d430774dab9,2019-08-28 12:10:16
安庆市本级,公共设施用地,安庆市大桥开发区境内,公共设施用地,其它,3.331900,挂牌出让,50,1010.0000,下限:0.00上限:2.20,2010年07月27日,https://www.landchina.com/default.aspx?tabid=386&comname=default&wmguid=75c72564-ffd9-426a-954b-8ac2df0903b7&recorderguid=0e1a8137-329a-4354-a7bb-f13df2fd02fe,2019-08-28 12:10:51
安庆市本级,东部新城商务区二期北片B#地块,老安枞路南侧,中低价位、中小套型普通商品住房用地,房地产业,7.655700,挂牌出让,70,9420.0000,下限:0.00上限:3.00,2010年07月22日,https://www.landchina.com/default.aspx?tabid=386&comname=default&wmguid=75c72564-ffd9-426a-954b-8ac2df0903b7&recorderguid=d044ac6f-2269-40b4-b090-402db2eeb4fc,2019-08-28 12:11:21
安庆市本级,东部新城商务区二期北片C#地块,老安枞路南侧,中低价位、中小套型普通商品住房用地,房地产业,12.305000,挂牌出让,70,15140.0000,下限:0.00上限:3.10,2010年07月22日,https://www.landchina.com/default.aspx?tabid=386&comname=default&wmguid=75c72564-ffd9-426a-954b-8ac2df0903b7&recorderguid=25735cb7-620d-4bd7-a8c7-b7126219fd1b,2019-08-28 12:11:33
安庆市本级,天运化工,凤凰工业园纬三路西侧,工业用地,化学原料及化学制品制造业,1.335700,挂牌出让,50,390.0000,下限:0.70上限:,2010年07月20日,https://www.landchina.com/default.aspx?tabid=386&comname=default&wmguid=75c72564-ffd9-426a-954b-8ac2df0903b7&recorderguid=9cb7ab3f-6b45-4bf1-a873-f804dad8de18,2019-08-28 12:13:56
安庆市本级,废弃资源回收综合利用,大观经济开发区集贤工业园,工业用地,废弃资源和废旧材料回收加工业,3.003000,挂牌出让,50,894.0000,下限:0.70上限:1.00,2010年07月20日,https://www.landchina.com/default.aspx?tabid=386&comname=default&wmguid=75c72564-ffd9-426a-954b-8ac2df0903b7&recorderguid=a3901b84-8892-4ab8-92c2-e716e3f01462,2019-08-28 12:14:18
安庆市本级,居住,安庆市长江大桥经济开发区C-8地块内,中低价位、中小套型普通商品住房用地,房地产业,4.430700,拍卖出让,70,11410.0000,下限:0.00上限:2.20,2010年06月30日,https://www.landchina.com/default.aspx?tabid=386&comname=default&wmguid=75c72564-ffd9-426a-954b-8ac2df0903b7&recorderguid=67d6c68e-89ba-412b-8610-c93c1f35d1f7,2019-08-28 12:14:33
安庆市本级,商住用地,东部新城商务区独秀大道东侧,其他普通商品住房用地,房地产业,14.142900,挂牌出让,其他普通商品住房用地70年;批发零售用地40,27140.0000,下限:0.00上限:3.10,2010年06月28日,https://www.landchina.com/default.aspx?tabid=386&comname=default&wmguid=75c72564-ffd9-426a-954b-8ac2df0903b7&recorderguid=076aa649-787c-4d1f-8e84-f734a36d562c,2019-08-28 12:14:45
安庆市本级,商业居住,安庆东部新城商务区皖江大道北侧,其他普通商品住房用地,房地产业,14.723900,挂牌出让,住宿餐饮用地40年;其他普通商品住房用地70,24310.0000,下限:0.00上限:3.30,2010年06月28日,https://www.landchina.com/default.aspx?tabid=386&comname=default&wmguid=75c72564-ffd9-426a-954b-8ac2df0903b7&recorderguid=9e76e0a2-cfb0-4620-8190-a5aaf6dc7acc,2019-08-28 12:14:53
安庆市本级,商业居住,安庆东部新城商务区皖江大道北侧,商务金融用地,房地产业,11.793700,挂牌出让,商务金融用地40年;其他普通商品住房用地70,22310.0000,下限:3.60上限:4.00,2010年06月28日,https://www.landchina.com/default.aspx?tabid=386&comname=default&wmguid=75c72564-ffd9-426a-954b-8ac2df0903b7&recorderguid=7c9eeafe-cbb3-4861-8246-553639d829d2,2019-08-28 12:15:12
安庆市本级,居住,安庆长江大桥综合经济开发区内,中低价位、中小套型普通商品住房用地,房地产业,4.448100,挂牌出让,70,7603.0000,下限:0.00上限:1.80,2010年06月25日,https://www.landchina.com/default.aspx?tabid=386&comname=default&wmguid=75c72564-ffd9-426a-954b-8ac2df0903b7&recorderguid=8dd90673-b837-4116-9439-813de6163410,2019-08-28 12:15:26
安庆市本级,居住,安庆长江大桥综合经济开发区,中低价位、中小套型普通商品住房用地,房地产业,8.974200,挂牌出让,70,15155.0000,下限:0.00上限:1.80,2010年06月25日,https://www.landchina.com/default.aspx?tabid=386&comname=default&wmguid=75c72564-ffd9-426a-954b-8ac2df0903b7&recorderguid=e7659858-8f51-4c26-95a5-e85b855dc3a1,2019-08-28 12:15:34
安庆市本级,曙光化工,腈北路北侧,工业用地,化学原料及化学制品制造业,3.143100,挂牌出让,50,730.0000,下限:0.60上限:0.00,2010年06月22日,https://www.landchina.com/default.aspx?tabid=386&comname=default&wmguid=75c72564-ffd9-426a-954b-8ac2df0903b7&recorderguid=7d3d8379-db7c-47e9-8aa4-56b8a26472e0,2019-08-28 12:15:52
安庆市本级,居住,安庆市大桥开发区C-8地块内,中低价位、中小套型普通商品住房用地,房地产业,5.154100,拍卖出让,70,11635.0000,下限:0.00上限:2.20,2010年06月17日,https://www.landchina.com/default.aspx?tabid=386&comname=default&wmguid=75c72564-ffd9-426a-954b-8ac2df0903b7&recorderguid=ee1929fd-2473-4af7-b84a-9fc06393e638,2019-08-28 12:16:06
安庆市本级,永成物流,大观经济开发区环城西路西侧,工业用地,通用设备制造业,1.335300,挂牌出让,50,289.0000,下限:0.60上限:,2010年06月07日,https://www.landchina.com/default.aspx?tabid=386&comname=default&wmguid=75c72564-ffd9-426a-954b-8ac2df0903b7&recorderguid=63e7f04c-499c-4db3-be00-5629c32aaed2,2019-08-28 12:16:24
安庆市本级,超薄玻璃生产,大观经济开发区环城西路西侧,工业用地,其它,6.665300,挂牌出让,50,1837.0000,下限:0.60上限:,2010年06月07日,https://www.landchina.com/default.aspx?tabid=386&comname=default&wmguid=75c72564-ffd9-426a-954b-8ac2df0903b7&recorderguid=3d087e87-9811-483e-9b3c-61833a0ba29a,2019-08-28 12:17:03
安庆市本级,化工中间体,大观经济开发区环城西路西侧,工业用地,化学原料及化学制品制造业,2.305400,挂牌出让,50,633.0000,下限:0.60上限:,2010年06月07日,https://www.landchina.com/default.aspx?tabid=386&comname=default&wmguid=75c72564-ffd9-426a-954b-8ac2df0903b7&recorderguid=34a10eb0-210c-4f22-af95-d8a69a2a5434,2019-08-28 12:17:16
安庆市本级,雪花啤酒,安庆市黄土坑东路北侧,工业用地,饮料制造业,0.243400,挂牌出让,50,74.0000,下限:0.80上限:,2010年06月02日,https://www.landchina.com/default.aspx?tabid=386&comname=default&wmguid=75c72564-ffd9-426a-954b-8ac2df0903b7&recorderguid=cb36a557-b80f-421c-a853-29bf53125ee3,2019-08-28 12:17:41
安庆市本级,开发区人行综合新区,中兴大道与铁路控制线交叉口的西南角,中低价位、中小套型普通商品住房用地,房地产业,0.225700,拍卖出让,70,1262.0000,下限:2.25上限:2.25,2010年04月08日,https://www.landchina.com/default.aspx?tabid=386&comname=default&wmguid=75c72564-ffd9-426a-954b-8ac2df0903b7&recorderguid=53944e0d-e7dd-4e13-8acc-54cd9f1b485e,2019-08-28 12:17:55
安庆市本级,迎江区工业园A-2-2-1,安庆市迎江区迎江工业园A-2-2-1,工业用地,塑料制品业,3.408000,挂牌出让,50,970.0000,下限:0.70上限:,2010年04月02日,https://www.landchina.com/default.aspx?tabid=386&comname=default&wmguid=75c72564-ffd9-426a-954b-8ac2df0903b7&recorderguid=750a1d0b-f3f5-4e35-8d7f-7975be8c6416,2019-08-28 12:18:19
安庆市本级,关于安庆泺建工贸有限公司年产10000吨聚丙烯—硅烷接枝项目,环城西路与规划中的霞虹路交口的西南角,工业用地,化学原料及化学制品制造业,2.334500,挂牌出让,50,668.0000,下限:0.60上限:,2010年03月31日,https://www.landchina.com/default.aspx?tabid=386&comname=default&wmguid=75c72564-ffd9-426a-954b-8ac2df0903b7&recorderguid=6cd65438-a87c-46d2-a623-b2818805a3ba,2019-08-28 12:18:33
安庆市本级,安庆市氮肥厂迁址扩建年产十万吨高浓度复合肥工程项目,大观经济开发区环城西路与经二北路交叉口的东北角,工业用地,化学原料及化学制品制造业,4.328000,挂牌出让,50,1242.0000,下限:0.70上限:1.50,2010年03月18日,https://www.landchina.com/default.aspx?tabid=386&comname=default&wmguid=75c72564-ffd9-426a-954b-8ac2df0903b7&recorderguid=9aa9f029-402f-43b0-a7c8-703385e97bef,2019-08-28 12:19:01
安庆市本级,圣洋化工,大观经济开发区经一路西侧,工业用地,化学原料及化学制品制造业,1.506874,挂牌出让,50,433.0000,下限:0.69上限:,2010年02月09日,https://www.landchina.com/default.aspx?tabid=386&comname=default&wmguid=75c72564-ffd9-426a-954b-8ac2df0903b7&recorderguid=f1af506b-5317-48cc-bed7-8e7fc28b7c0aC,2019-08-28 12:19:56
安庆市本级,房地产开发,燎原路4号,中低价位、中小套型普通商品住房用地,房地产业,2.017500,拍卖出让,70,6960.0000,下限:0.00上限:1.80,2010年02月08日,https://www.landchina.com/default.aspx?tabid=386&comname=default&wmguid=75c72564-ffd9-426a-954b-8ac2df0903b7&recorderguid=d288e9a6-a1be-4adc-9d18-6df4fd6390fdC,2019-08-28 12:20:15
安庆市本级,皖江大道以南、大发宜景城项目北侧局部地块,皖江大道,其他商服用地,房地产业,0.561400,拍卖出让,40,905.0000,下限:0.00上限:0.80,2010年02月02日,https://www.landchina.com/default.aspx?tabid=386&comname=default&wmguid=75c72564-ffd9-426a-954b-8ac2df0903b7&recorderguid=fc6caa00-262c-4ae9-b8b9-9c9a4880cf8aCC,2019-08-28 12:20:42
安庆市本级,原肉联厂及周边地块,宜城路与菱湖南路交叉口,其他普通商品住房用地,房地产业,3.694000,拍卖出让,70,20223.2312,下限:0.00上限:3.50,2009年12月31日,https://www.landchina.com/default.aspx?tabid=386&comname=default&wmguid=75c72564-ffd9-426a-954b-8ac2df0903b7&recorderguid=3c3368b9-0656-482a-bab3-35058b09d531CC,2019-08-28 12:21:18
安庆市本级,迎江工业园,迎江区迎江工业园B-2-1,工业用地,金属制品业,6.792000,挂牌出让,50,1929.0000,下限:0.70上限:,2009年12月31日,https://www.landchina.com/default.aspx?tabid=386&comname=default&wmguid=75c72564-ffd9-426a-954b-8ac2df0903b7&recorderguid=220c8864-0cb2-40c1-9e80-f910072b73c2,2019-08-28 12:21:29
安庆市本级,三喜化工,安庆大观经济开发区霞虹路以北,工业用地,化学原料及化学制品制造业,3.410700,挂牌出让,50,979.0000,下限:0.60上限:,2009年12月14日,https://www.landchina.com/default.aspx?tabid=386&comname=default&wmguid=75c72564-ffd9-426a-954b-8ac2df0903b7&recorderguid=a92d77f0-697e-420d-ac5b-da86c9cb0b73C,2019-08-28 12:21:50
安庆市本级,安庆市纸厂北厂区,安庆市人民路原纸厂北厂区,其他普通商品住房用地,房地产业,4.553428,拍卖出让,70,19900.0000,下限:1.00上限:2.50,2009年11月18日,https://www.landchina.com/default.aspx?tabid=386&comname=default&wmguid=75c72564-ffd9-426a-954b-8ac2df0903b7&recorderguid=6bf45063-823e-469c-abcd-b3f303fa055cC,2019-08-28 12:22:14
安庆市本级,时联特种溶剂,市时菱化工有限公司西侧,工业用地,化学原料及化学制品制造业,4.260500,挂牌出让,50,1222.0000,下限:0.60上限:1.50,2009年11月17日,https://www.landchina.com/default.aspx?tabid=386&comname=default&wmguid=75c72564-ffd9-426a-954b-8ac2df0903b7&recorderguid=7bfa88a9-33ee-41b2-8839-ef3d75d6aa72,2019-08-28 12:23:31
安庆市本级,市荣光玻璃厂地块,华中路118号,其他普通商品住房用地,房地产业,2.588700,拍卖出让,70,11000.0000,下限:0.00上限:3.00,2009年11月09日,https://www.landchina.com/default.aspx?tabid=386&comname=default&wmguid=75c72564-ffd9-426a-954b-8ac2df0903b7&recorderguid=dc3bdea1-1714-44d0-bb49-7b5c47337cdaCCC,2019-08-28 12:23:45
安庆市本级,迎江区工业园,安庆市迎江区,工业用地,电信和其他信息传输服务业,2.648500,招标出让,50,751.9886,下限:0.70上限:,2009年10月16日,https://www.landchina.com/default.aspx?tabid=386&comname=default&wmguid=75c72564-ffd9-426a-954b-8ac2df0903b7&recorderguid=7a898d08-d0a3-498c-a06b-aed9e53883a1,2019-08-28 12:24:03
安庆市本级,加油站,迎江区,批发零售用地,零售业,0.476600,拍卖出让,40,3800.0000,下限:0.00上限:0.19,2009年10月15日,https://www.landchina.com/default.aspx?tabid=386&comname=default&wmguid=75c72564-ffd9-426a-954b-8ac2df0903b7&recorderguid=777dbab8-a8ec-430f-872d-3a6620a2965c,2019-08-28 12:24:22
安庆市本级,加油站,大观工业园内,批发零售用地,零售业,0.274200,拍卖出让,40,3620.0000,下限:0.00上限:0.21,2009年10月15日,https://www.landchina.com/default.aspx?tabid=386&comname=default&wmguid=75c72564-ffd9-426a-954b-8ac2df0903b7&recorderguid=702ecbbc-de42-4784-b937-a654bda78a19,2019-08-28 12:24:40
安庆市本级,居住,安庆长江大桥经济开发区C-7地块内,其他普通商品住房用地,房地产业,5.134800,拍卖出让,70,7340.0000,下限:0.00上限:2.20,2009年09月04日,https://www.landchina.com/default.aspx?tabid=386&comname=default&wmguid=75c72564-ffd9-426a-954b-8ac2df0903b7&recorderguid=47bc9a69-158f-4f70-a05f-058a8d4c1462CAC,2019-08-28 12:24:57
安庆市本级,房地产开发,安庆市大观区集贤北路与皇冠路交叉口西南角,其他普通商品住房用地,房地产业,7.588500,拍卖出让,70,11260.0000,下限:0.00上限:1.80,2009年08月07日,https://www.landchina.com/default.aspx?tabid=386&comname=default&wmguid=75c72564-ffd9-426a-954b-8ac2df0903b7&recorderguid=07c92aca-3191-4042-807d-b3bdab49f7b5,2019-08-28 12:25:20
安庆市本级,房地产开发,大观区集贤北路与规划皇冠路交叉口的西南角,其他普通商品住房用地,房地产业,2.455600,拍卖出让,70,2270.0000,下限:0.00上限:1.80,2009年08月07日,https://www.landchina.com/default.aspx?tabid=386&comname=default&wmguid=75c72564-ffd9-426a-954b-8ac2df0903b7&recorderguid=ba442853-b004-4ed6-aea6-11dd86570084,2019-08-28 12:25:43
安庆市本级,房地产开发用地,独秀大道与华中东路交叉口,其他普通商品住房用地,房地产业,1.784500,拍卖出让,70,2355.0000,下限:0.00上限:2.00,2009年08月07日,https://www.landchina.com/default.aspx?tabid=386&comname=default&wmguid=75c72564-ffd9-426a-954b-8ac2df0903b7&recorderguid=dcc8d378-74ea-451c-b263-d9e161326b8bCCC,2019-08-28 12:26:05
安庆市本级,居住,安庆长江大桥经济开发区C-10地块内,其他普通商品住房用地,房地产业,3.354500,拍卖出让,70,4683.0000,下限:0.00上限:2.20,2009年07月22日,https://www.landchina.com/default.aspx?tabid=386&comname=default&wmguid=75c72564-ffd9-426a-954b-8ac2df0903b7&recorderguid=4b0cddae-ca50-418f-a32f-32d87ea45a87,2019-08-28 12:26:25
安庆市本级,居住,安庆长江大桥经济开发区C-10地块内,其他普通商品住房用地,房地产业,3.354500,拍卖出让,70,4683.0000,下限:0.00上限:2.20,2009年07月22日,https://www.landchina.com/default.aspx?tabid=386&comname=default&wmguid=75c72564-ffd9-426a-954b-8ac2df0903b7&recorderguid=4b0cddae-ca50-418f-a32f-32d87ea45a87ACC,2019-08-28 12:26:42
安庆市本级,居住,安庆长江大桥经济开发区C-10地块内,其他普通商品住房用地,房地产业,3.354500,拍卖出让,70,4683.0000,下限:0.00上限:2.20,2009年07月22日,https://www.landchina.com/default.aspx?tabid=386&comname=default&wmguid=75c72564-ffd9-426a-954b-8ac2df0903b7&recorderguid=4b0cddae-ca50-418f-a32f-32d87ea45a87ACCC,2019-08-28 12:26:59
安庆市本级,居住,安庆长江大桥经济开发区C-7地块内,其他普通商品住房用地,房地产业,5.819800,拍卖出让,70,7127.0000,下限:0.00上限:2.20,2009年07月22日,https://www.landchina.com/default.aspx?tabid=386&comname=default&wmguid=75c72564-ffd9-426a-954b-8ac2df0903b7&recorderguid=d0c427af-d51d-44dd-bbff-3c7b1ff8bf98,2019-08-28 12:27:26
安庆市本级,居住,安庆长江大桥经济开发区C-7地块内,其他普通商品住房用地,房地产业,4.370500,拍卖出让,70,5284.0000,下限:0.00上限:2.20,2009年07月22日,https://www.landchina.com/default.aspx?tabid=386&comname=default&wmguid=75c72564-ffd9-426a-954b-8ac2df0903b7&recorderguid=f53c13ea-4b8d-4a7e-b4f8-7c337f5a1d94AC,2019-08-28 12:27:49
安庆市本级,居住,安庆长江大桥经济开发区C-7地块内,其他普通商品住房用地,房地产业,3.731900,拍卖出让,70,4575.0000,下限:0.00上限:2.20,2009年07月22日,https://www.landchina.com/default.aspx?tabid=386&comname=default&wmguid=75c72564-ffd9-426a-954b-8ac2df0903b7&recorderguid=351360c1-5e90-4fd3-95c3-6b05908080efAC,2019-08-28 12:28:19
安庆市本级,标准件厂,市开发区3.9工业园,工业用地,通用设备制造业,2.819500,挂牌出让,50,860.0000,下限:1.00上限:1.20,2009年07月09日,https://www.landchina.com/default.aspx?tabid=386&comname=default&wmguid=75c72564-ffd9-426a-954b-8ac2df0903b7&recorderguid=1bd105b3-688f-4d1f-84a6-fb7f6a6abb0f,2019-08-28 12:28:46
安庆市本级,船用柴油机制造,市开发区3.9工业园,工业用地,专用设备制造业,5.653600,挂牌出让,50,1719.0000,下限:1.00上限:1.20,2009年07月09日,https://www.landchina.com/default.aspx?tabid=386&comname=default&wmguid=75c72564-ffd9-426a-954b-8ac2df0903b7&recorderguid=3c47ac46-b4b9-425e-a6c2-e2e190ff5480,2019-08-28 12:29:39
安庆市本级,商住,安庆市北部新城区,批发零售用地,房地产业,6.375200,挂牌出让,40,4702.4200,下限:1.50上限:2.00,2009年06月23日,https://www.landchina.com/default.aspx?tabid=386&comname=default&wmguid=75c72564-ffd9-426a-954b-8ac2df0903b7&recorderguid=daa1918b-8eb2-49dc-9c60-9336c3558a37CCCC,2019-08-28 12:30:02
安庆市本级,商住,安庆长江大桥综合经济开发区龙眠山路与天柱山东路交叉口东南角A-15地块内,公共设施用地,房地产业,0.312600,挂牌出让,40,626.1000,下限:0.00上限:2.45,2009年06月15日,https://www.landchina.com/default.aspx?tabid=386&comname=default&wmguid=75c72564-ffd9-426a-954b-8ac2df0903b7&recorderguid=ee82b271-5c9c-4c5e-afe9-6f057d21b366CC,2019-08-28 12:30:25
安庆市本级,居住,安庆长江大桥综合经济开发区c-17号地块内,其他普通商品住房用地,房地产业,13.315600,挂牌出让,70,18618.8700,下限:0.00上限:2.50,2009年06月15日,https://www.landchina.com/default.aspx?tabid=386&comname=default&wmguid=75c72564-ffd9-426a-954b-8ac2df0903b7&recorderguid=3f146d2c-88fd-42d3-9382-d666b4118c4cCCC,2019-08-28 12:30:39
安庆市本级,居住用地,安庆长江大桥综合经济开发区C-13地块内,其他普通商品住房用地,建筑安装业,12.684700,挂牌出让,70,17738.4300,下限:0.00上限:2.50,2009年06月15日,https://www.landchina.com/default.aspx?tabid=386&comname=default&wmguid=75c72564-ffd9-426a-954b-8ac2df0903b7&recorderguid=f735e770-d090-48a0-ac93-2213c6c082f3CC,2019-08-28 12:30:50
安庆市本级,居住用地,长江大桥综合经济开发区,其他普通商品住房用地,房地产业,1.684500,拍卖出让,70,2712.9400,下限:0.00上限:2.20,2009年06月08日,https://www.landchina.com/default.aspx?tabid=386&comname=default&wmguid=75c72564-ffd9-426a-954b-8ac2df0903b7&recorderguid=3cf3ef9f-8c69-4710-909f-227b277d83f3CC,2019-08-28 12:31:07
安庆市本级,居住,长江大桥综合经济开发区,其他普通商品住房用地,房地产业,1.583700,拍卖出让,70,1727.8500,下限:0.00上限:1.70,2009年06月08日,https://www.landchina.com/default.aspx?tabid=386&comname=default&wmguid=75c72564-ffd9-426a-954b-8ac2df0903b7&recorderguid=466c0cae-e989-48f1-95a8-315eff0019fbCC,2019-08-28 12:31:21
安庆市本级,安庆市中联摩擦材料制造有限公司,市开发区罗冲片区南环路以北,工业用地,汽车制造,1.134900,挂牌出让,50,325.0000,下限:0.00上限:1.20,2009年04月28日,https://www.landchina.com/default.aspx?tabid=386&comname=default&wmguid=75c72564-ffd9-426a-954b-8ac2df0903b7&recorderguid=cc3bc731-f807-4349-ada4-d856559a13c7,2019-08-28 12:31:43
安庆市本级,商业房地产,安庆市经济技术开发区中兴大道与206国道交叉口西南角,其他商服用地,商务服务业,0.557500,拍卖出让,40,8463.0000,下限:0.00上限:2.00,2009年03月09日,https://www.landchina.com/default.aspx?tabid=386&comname=default&wmguid=75c72564-ffd9-426a-954b-8ac2df0903b7&recorderguid=e50f44c1-4f26-4073-ada3-5188be60e86b,2019-08-28 12:31:53
安庆市本级,机电仓储,安庆市经济技术开发区3.9工业园,仓储用地,仓储业,0.777500,挂牌出让,50,233.0000,下限:0.00上限:1.50,2009年03月09日,https://www.landchina.com/default.aspx?tabid=386&comname=default&wmguid=75c72564-ffd9-426a-954b-8ac2df0903b7&recorderguid=d3c5315e-91a8-4e41-9d03-57001284619c,2019-08-28 12:32:02
安庆市本级,汽车4S店,市开发区1.3工业园,其他商服用地,商务服务业,0.461700,拍卖出让,40,410.0000,下限:0.00上限:1.00,2008年12月27日,https://www.landchina.com/default.aspx?tabid=386&comname=default&wmguid=75c72564-ffd9-426a-954b-8ac2df0903b7&recorderguid=be96e163-8563-4203-80ee-28b835ef7214CCCC,2019-08-28 12:32:11
安庆市本级,,迎江区长风乡,工矿仓储用地,,67.308400,挂牌出让,50年,0.0000,下限:上限:,2008年12月26日,https://www.landchina.com/default.aspx?tabid=386&comname=default&wmguid=75c72564-ffd9-426a-954b-8ac2df0903b7&recorderguid=567B138CF9C94D6F8DBD0F00369350DB,2019-08-28 12:32:20
安庆市本级,,市开发区罗冲片区南环路北侧,工矿仓储用地,,1.134900,挂牌出让,50年,0.0000,下限:上限:,2008年12月26日,https://www.landchina.com/default.aspx?tabid=386&comname=default&wmguid=75c72564-ffd9-426a-954b-8ac2df0903b7&recorderguid=932CE90EE9004883A4E8B04214FD51BC,2019-08-28 12:32:25
安庆市本级,,位于市开发区3.9工业园纬三路北侧,工矿仓储用地,,0.777500,挂牌出让,50年,0.0000,下限:上限:,2008年12月26日,https://www.landchina.com/default.aspx?tabid=386&comname=default&wmguid=75c72564-ffd9-426a-954b-8ac2df0903b7&recorderguid=B7830E295AEB482D88B46064A5D66F70,2019-08-28 12:32:33
安庆市本级,仓储,市开发区江花棉业东侧,仓储用地,仓储业,0.215100,挂牌出让,50,0.0000,下限:0.00上限:1.50,2008年12月25日,https://www.landchina.com/default.aspx?tabid=386&comname=default&wmguid=75c72564-ffd9-426a-954b-8ac2df0903b7&recorderguid=ceec1eed-2d7e-46ce-b49d-541a786558aa,2019-08-28 12:32:38
安庆市本级,居住用地,振风大道与辉煌路交叉口,其他普通商品住房用地,银行业,7.999200,拍卖出让,70,12610.0000,下限:0.00上限:3.00,2008年12月24日,https://www.landchina.com/default.aspx?tabid=386&comname=default&wmguid=75c72564-ffd9-426a-954b-8ac2df0903b7&recorderguid=0ec45739-d585-4fa0-99bf-1c31fa9a0d7dCC,2019-08-28 12:32:41
安庆市本级,房地产开发,热电路13号,其他普通商品住房用地,房地产业,0.642400,挂牌出让,70,755.0000,下限:1.60上限:1.60,2008年12月23日,https://www.landchina.com/default.aspx?tabid=386&comname=default&wmguid=75c72564-ffd9-426a-954b-8ac2df0903b7&recorderguid=47233ada-de10-468c-a79e-15cd716598c9C,2019-08-28 12:32:46
安庆市本级,,"东至辉煌路,南至振风大道,西至秦潭村,北至规划道路",其他普通商品住房用地,,6.709100,拍卖出让,居住70年,0.0000,下限:上限:,2008年12月23日,https://www.landchina.com/default.aspx?tabid=386&comname=default&wmguid=75c72564-ffd9-426a-954b-8ac2df0903b7&recorderguid=8AE3EEC44DF3427F92ED3184778DEC1F,2019-08-28 12:32:50
安庆市本级,工业仓储用地,港华路,工业用地,零售业,1.135800,挂牌出让,50,375.0000,下限:0.00上限:0.30,2008年12月19日,https://www.landchina.com/default.aspx?tabid=386&comname=default&wmguid=75c72564-ffd9-426a-954b-8ac2df0903b7&recorderguid=71a3b800-9f76-4af9-8a15-8e363b12c20f,2019-08-28 12:32:55
安庆市本级,,东至青青家园，南至染织厂，西至大观区法院、余良卿制药厂，北至热电路,其他普通商品住房用地,,0.640000,拍卖出让,商业40年，居住70年,0.0000,下限:上限:,2008年12月16日,https://www.landchina.com/default.aspx?tabid=386&comname=default&wmguid=75c72564-ffd9-426a-954b-8ac2df0903b7&recorderguid=897D71C876CB41AE83A914C3A8018F24,2019-08-28 12:33:00
安庆市本级,汽车4S店,市开发区1.3工业园,其他商服用地,商务服务业,0.754000,挂牌出让,40,700.0000,下限:0.00上限:1.00,2008年12月10日,https://www.landchina.com/default.aspx?tabid=386&comname=default&wmguid=75c72564-ffd9-426a-954b-8ac2df0903b7&recorderguid=b3467586-d5de-45f1-85cb-49f9006bd681,2019-08-28 12:33:03
安庆市本级,40万吨熟料白水泥生产线,安庆市宜秀区杨桥镇官兵村,工业用地,水泥、石灰和石膏的制造,13.547300,挂牌出让,50,2262.4000,下限:0.00上限:0.70,2008年12月05日,https://www.landchina.com/default.aspx?tabid=386&comname=default&wmguid=75c72564-ffd9-426a-954b-8ac2df0903b7&recorderguid=a03ff24a-62f3-4539-90a8-b2033519c792,2019-08-28 12:33:07
安庆市本级,,安庆市开发区工业园,商服用地,,0.650000,挂牌出让,40年,0.0000,下限:上限:,2008年12月02日,https://www.landchina.com/default.aspx?tabid=386&comname=default&wmguid=75c72564-ffd9-426a-954b-8ac2df0903b7&recorderguid=27E6CFA6A4734AC1B0362140B0D8CBC4,2019-08-28 12:33:10
安庆市本级,,安庆市开发区工业园,商服用地,,0.460000,挂牌出让,40年,0.0000,下限:上限:,2008年12月02日,https://www.landchina.com/default.aspx?tabid=386&comname=default&wmguid=75c72564-ffd9-426a-954b-8ac2df0903b7&recorderguid=4F63E91C90634FA68B8FC985FB4C9CD4,2019-08-28 12:33:14
安庆市本级,,安庆市开发区工业园,商服用地,,0.750000,挂牌出让,40年,0.0000,下限:上限:,2008年12月02日,https://www.landchina.com/default.aspx?tabid=386&comname=default&wmguid=75c72564-ffd9-426a-954b-8ac2df0903b7&recorderguid=59A871C0740145BFAA82F4CFA3E58A9E,2019-08-28 12:33:23
安庆市本级,,原外贸第一储运公司东侧,工矿仓储用地,,0.900000,挂牌出让,50年,0.0000,下限:上限:,2008年12月02日,https://www.landchina.com/default.aspx?tabid=386&comname=default&wmguid=75c72564-ffd9-426a-954b-8ac2df0903b7&recorderguid=FA0A5BC923DE46EE8F87ECB41F376677,2019-08-28 12:33:26
安庆市本级,商业,安庆经济开发区罗冲片区,其他商服用地,商务服务业,0.492700,挂牌出让,40,657.0000,下限:0.00上限:1.65,2008年11月27日,https://www.landchina.com/default.aspx?tabid=386&comname=default&wmguid=75c72564-ffd9-426a-954b-8ac2df0903b7&recorderguid=ad728b57-2329-4659-8bf7-d6c94d539599CC,2019-08-28 12:33:31
安庆市本级,年产30万吨木浆林纸一体化工程,迎江区长风乡,工业用地,造纸及纸质品业,67.308400,挂牌出让,50,17346.0000,下限:0.40上限:1.50,2008年11月18日,https://www.landchina.com/default.aspx?tabid=386&comname=default&wmguid=75c72564-ffd9-426a-954b-8ac2df0903b7&recorderguid=72942811-df02-46bc-b985-cea780de641bCC,2019-08-28 12:33:37
